District,Mandal,Muncipality,WardName,female,male,transgender
ADILABAD,ADILABAD,Adilabad,Revenue Ward No  1,1119,597,4
ADILABAD,ADILABAD,Adilabad,Revenue Ward No  2,677,429,2
ADILABAD,ADILABAD,Adilabad,Revenue Ward No  3,323,137,2
ADILABAD,ADILABAD,Adilabad,Revenue Ward No  4,451,230,
ADILABAD,ADILABAD,Adilabad,Revenue Ward No  5,253,101,
ADILABAD,ADILABAD,Adilabad,Revenue Ward No  6,235,63,
ADILABAD,ADILABAD,Adilabad,Revenue Ward No  7,119,23,
ADILABAD,ADILABAD,Adilabad,Revenue Ward No 10,204,74,
ADILABAD,ADILABAD,Adilabad,Revenue Ward No 11,332,160,1
ADILABAD,ADILABAD,Adilabad,Revenue Ward No 12,362,231,
ADILABAD,ADILABAD,Adilabad,Revenue Ward No 13,576,400,1
ADILABAD,ADILABAD,Adilabad,Revenue Ward No 14,483,279,1
ADILABAD,ADILABAD,Adilabad,Revenue Ward No 15,748,428,2
ADILABAD,ADILABAD,Adilabad,Revenue Ward No 16,386,170,
ADILABAD,ADILABAD,Adilabad,Revenue Ward No 17,158,71,2
ADILABAD,ADILABAD,Adilabad,Revenue Ward No 18,288,116,3
ADILABAD,ADILABAD,Adilabad,Revenue Ward No 19,674,314,3
ADILABAD,ADILABAD,Adilabad,Revenue Ward No 20,110,25,
ADILABAD,ADILABAD,Adilabad,Revenue Ward No 21,226,71,
ADILABAD,ADILABAD,Adilabad,Revenue Ward No 22,213,78,2
ADILABAD,ADILABAD,Adilabad,Revenue Ward No 23,212,115,
ADILABAD,ADILABAD,Adilabad,Revenue Ward No 24,425,282,3
ADILABAD,ADILABAD,Adilabad,Revenue Ward No 25,158,54,1
ADILABAD,ADILABAD,Adilabad,Revenue Ward No 26,393,142,1
ADILABAD,ADILABAD,Adilabad,Revenue Ward No 27,234,85,
ADILABAD,ADILABAD,Adilabad,Revenue Ward No 28,356,197,
ADILABAD,ADILABAD,Adilabad,Revenue Ward No 29,421,196,1
ADILABAD,ADILABAD,Adilabad,Revenue Ward No 30,742,511,4
ADILABAD,ADILABAD,Adilabad,Revenue Ward No 31,466,316,1
ADILABAD,ADILABAD,Adilabad,Revenue Ward No 32,1175,771,17
ADILABAD,ADILABAD,Adilabad,Revenue Ward No 33,481,313,4
ADILABAD,ADILABAD,Adilabad,Revenue Ward No 34,346,148,3
ADILABAD,ADILABAD,Adilabad,Revenue Ward No 35,319,136,
ADILABAD,ADILABAD,Adilabad,Revenue Ward No 36,522,267,2
ADILABAD,ADILABAD,Adilabad,Revenue Ward No 8,83,34,1
ADILABAD,ADILABAD,Adilabad,Revenue Ward No 9,243,97,3
ADILABAD,BELLAMPALLE,Bellampally,Revenue Ward No  1,250,129,
ADILABAD,BELLAMPALLE,Bellampally,Revenue Ward No  10,185,69,1
ADILABAD,BELLAMPALLE,Bellampally,Revenue Ward No  11,173,78,
ADILABAD,BELLAMPALLE,Bellampally,Revenue Ward No  12,255,132,
ADILABAD,BELLAMPALLE,Bellampally,Revenue Ward No  13,234,139,3
ADILABAD,BELLAMPALLE,Bellampally,Revenue Ward No  14,355,210,
ADILABAD,BELLAMPALLE,Bellampally,Revenue Ward No  15,286,143,2
ADILABAD,BELLAMPALLE,Bellampally,Revenue Ward No  16,218,118,1
ADILABAD,BELLAMPALLE,Bellampally,Revenue Ward No  17,169,83,
ADILABAD,BELLAMPALLE,Bellampally,Revenue Ward No  18,264,137,
ADILABAD,BELLAMPALLE,Bellampally,Revenue Ward No  19,213,121,
ADILABAD,BELLAMPALLE,Bellampally,Revenue Ward No  2,321,151,
ADILABAD,BELLAMPALLE,Bellampally,Revenue Ward No  20,256,132,
ADILABAD,BELLAMPALLE,Bellampally,Revenue Ward No  21,243,124,1
ADILABAD,BELLAMPALLE,Bellampally,Revenue Ward No  22,190,102,1
ADILABAD,BELLAMPALLE,Bellampally,Revenue Ward No  23,157,72,
ADILABAD,BELLAMPALLE,Bellampally,Revenue Ward No  24,115,51,
ADILABAD,BELLAMPALLE,Bellampally,Revenue Ward No  25,104,62,2
ADILABAD,BELLAMPALLE,Bellampally,Revenue Ward No  26,912,485,5
ADILABAD,BELLAMPALLE,Bellampally,Revenue Ward No  27,378,205,1
ADILABAD,BELLAMPALLE,Bellampally,Revenue Ward No  28,509,299,1
ADILABAD,BELLAMPALLE,Bellampally,Revenue Ward No  3,306,173,
ADILABAD,BELLAMPALLE,Bellampally,Revenue Ward No  4,210,117,3
ADILABAD,BELLAMPALLE,Bellampally,Revenue Ward No  5,180,81,
ADILABAD,BELLAMPALLE,Bellampally,Revenue Ward No  6,263,137,
ADILABAD,BELLAMPALLE,Bellampally,Revenue Ward No  7,183,70,1
ADILABAD,BELLAMPALLE,Bellampally,Revenue Ward No  8,416,258,4
ADILABAD,BELLAMPALLE,Bellampally,Revenue Ward No  9,655,390,5
ADILABAD,BHAINSA,Bhainsa,Revenue Ward No  1,267,188,1
ADILABAD,BHAINSA,Bhainsa,Revenue Ward No  2,81,42,1
ADILABAD,BHAINSA,Bhainsa,Revenue Ward No  3,1275,1033,5
ADILABAD,BHAINSA,Bhainsa,Revenue Ward No  4,244,175,2
ADILABAD,BHAINSA,Bhainsa,Revenue Ward No  5,171,92,2
ADILABAD,BHAINSA,Bhainsa,Revenue Ward No  6,101,72,
ADILABAD,BHAINSA,Bhainsa,Revenue Ward No 10,202,215,6
ADILABAD,BHAINSA,Bhainsa,Revenue Ward No 11,182,156,
ADILABAD,BHAINSA,Bhainsa,Revenue Ward No 12,350,281,1
ADILABAD,BHAINSA,Bhainsa,Revenue Ward No 13,1064,1007,6
ADILABAD,BHAINSA,Bhainsa,Revenue Ward No 14,626,345,2
ADILABAD,BHAINSA,Bhainsa,Revenue Ward No 15,1010,652,7
ADILABAD,BHAINSA,Bhainsa,Revenue Ward No 16,561,316,1
ADILABAD,BHAINSA,Bhainsa,Revenue Ward No 17,246,109,3
ADILABAD,BHAINSA,Bhainsa,Revenue Ward No 18,297,144,2
ADILABAD,BHAINSA,Bhainsa,Revenue Ward No 19,278,178,3
ADILABAD,BHAINSA,Bhainsa,Revenue Ward No 20,193,94,
ADILABAD,BHAINSA,Bhainsa,Revenue Ward No 21,226,112,2
ADILABAD,BHAINSA,Bhainsa,Revenue Ward No 22,230,123,2
ADILABAD,BHAINSA,Bhainsa,Revenue Ward No 23,218,144,2
ADILABAD,BHAINSA,Bhainsa,Revenue Ward No 7,5,6,
ADILABAD,BHAINSA,Bhainsa,Revenue Ward No 8,286,277,1
ADILABAD,BHAINSA,Bhainsa,Revenue Ward No 9,184,141,1
ADILABAD,KAGAZNAGAR,Kagaznagar,Revenue Ward No  1,262,130,
ADILABAD,KAGAZNAGAR,Kagaznagar,Revenue Ward No  2,162,53,
ADILABAD,KAGAZNAGAR,Kagaznagar,Revenue Ward No  3,195,91,2
ADILABAD,KAGAZNAGAR,Kagaznagar,Revenue Ward No  4,254,131,
ADILABAD,KAGAZNAGAR,Kagaznagar,Revenue Ward No 10,370,192,1
ADILABAD,KAGAZNAGAR,Kagaznagar,Revenue Ward No 11,333,170,1
ADILABAD,KAGAZNAGAR,Kagaznagar,Revenue Ward No 12,254,107,
ADILABAD,KAGAZNAGAR,Kagaznagar,Revenue Ward No 13,122,38,1
ADILABAD,KAGAZNAGAR,Kagaznagar,Revenue Ward No 14,194,86,2
ADILABAD,KAGAZNAGAR,Kagaznagar,Revenue Ward No 15,250,97,
ADILABAD,KAGAZNAGAR,Kagaznagar,Revenue Ward No 16,304,154,2
ADILABAD,KAGAZNAGAR,Kagaznagar,Revenue Ward No 17,393,193,
ADILABAD,KAGAZNAGAR,Kagaznagar,Revenue Ward No 18,204,67,
ADILABAD,KAGAZNAGAR,Kagaznagar,Revenue Ward No 19,268,160,1
ADILABAD,KAGAZNAGAR,Kagaznagar,Revenue Ward No 20,342,192,8
ADILABAD,KAGAZNAGAR,Kagaznagar,Revenue Ward No 21,343,184,2
ADILABAD,KAGAZNAGAR,Kagaznagar,Revenue Ward No 22,343,208,
ADILABAD,KAGAZNAGAR,Kagaznagar,Revenue Ward No 23,203,91,1
ADILABAD,KAGAZNAGAR,Kagaznagar,Revenue Ward No 24,158,78,
ADILABAD,KAGAZNAGAR,Kagaznagar,Revenue Ward No 25,81,32,
ADILABAD,KAGAZNAGAR,Kagaznagar,Revenue Ward No 26,153,62,
ADILABAD,KAGAZNAGAR,Kagaznagar,Revenue Ward No 27,181,77,1
ADILABAD,KAGAZNAGAR,Kagaznagar,Revenue Ward No 28,198,137,1
ADILABAD,KAGAZNAGAR,Kagaznagar,Revenue Ward No 5,256,124,1
ADILABAD,KAGAZNAGAR,Kagaznagar,Revenue Ward No 6,225,123,
ADILABAD,KAGAZNAGAR,Kagaznagar,Revenue Ward No 7,253,133,
ADILABAD,KAGAZNAGAR,Kagaznagar,Revenue Ward No 8,357,204,1
ADILABAD,KAGAZNAGAR,Kagaznagar,Revenue Ward No 9,357,189,1
ADILABAD,MANCHERIAL,Mancherial,Revenue Ward No  10,435,232,1
ADILABAD,MANCHERIAL,Mancherial,Revenue Ward No  11,183,93,1
ADILABAD,MANCHERIAL,Mancherial,Revenue Ward No  12,485,273,
ADILABAD,MANCHERIAL,Mancherial,Revenue Ward No  13,512,320,2
ADILABAD,MANCHERIAL,Mancherial,Revenue Ward No  14,477,258,3
ADILABAD,MANCHERIAL,Mancherial,Revenue Ward No  15,435,241,1
ADILABAD,MANCHERIAL,Mancherial,Revenue Ward No  16,736,465,2
ADILABAD,MANCHERIAL,Mancherial,Revenue Ward No  17,400,206,
ADILABAD,MANCHERIAL,Mancherial,Revenue Ward No  18,199,79,1
ADILABAD,MANCHERIAL,Mancherial,Revenue Ward No  19,192,86,
ADILABAD,MANCHERIAL,Mancherial,Revenue Ward No  2,498,320,2
ADILABAD,MANCHERIAL,Mancherial,Revenue Ward No  20,206,94,1
ADILABAD,MANCHERIAL,Mancherial,Revenue Ward No  21,192,62,
ADILABAD,MANCHERIAL,Mancherial,Revenue Ward No  22,82,31,
ADILABAD,MANCHERIAL,Mancherial,Revenue Ward No  23,275,127,1
ADILABAD,MANCHERIAL,Mancherial,Revenue Ward No  24,287,135,
ADILABAD,MANCHERIAL,Mancherial,Revenue Ward No  25,339,185,1
ADILABAD,MANCHERIAL,Mancherial,Revenue Ward No  26,420,250,2
ADILABAD,MANCHERIAL,Mancherial,Revenue Ward No  27,648,457,2
ADILABAD,MANCHERIAL,Mancherial,Revenue Ward No  28,333,178,
ADILABAD,MANCHERIAL,Mancherial,Revenue Ward No  3,409,197,1
ADILABAD,MANCHERIAL,Mancherial,Revenue Ward No  4,247,143,3
ADILABAD,MANCHERIAL,Mancherial,Revenue Ward No  5,231,161,
ADILABAD,MANCHERIAL,Mancherial,Revenue Ward No  6,995,695,10
ADILABAD,MANCHERIAL,Mancherial,Revenue Ward No  7,748,470,4
ADILABAD,MANCHERIAL,Mancherial,Revenue Ward No  8,834,494,4
ADILABAD,MANCHERIAL,Mancherial,Revenue Ward No 1,187,110,1
ADILABAD,MANCHERIAL,Mancherial,Revenue Ward No 29,242,97,
ADILABAD,MANCHERIAL,Mancherial,Revenue Ward No 30,226,95,1
ADILABAD,MANCHERIAL,Mancherial,Revenue Ward No 31,284,186,1
ADILABAD,MANCHERIAL,Mancherial,Revenue Ward No 32,518,292,1
ADILABAD,MANCHERIAL,Mancherial,Revenue Ward No 9,456,218,2
ADILABAD,MANDAMARRI,Mandamarri,Revenue Ward No  1,211,106,
ADILABAD,MANDAMARRI,Mandamarri,Revenue Ward No  10,216,143,
ADILABAD,MANDAMARRI,Mandamarri,Revenue Ward No  11,298,159,
ADILABAD,MANDAMARRI,Mandamarri,Revenue Ward No  12,337,182,1
ADILABAD,MANDAMARRI,Mandamarri,Revenue Ward No  13,245,159,
ADILABAD,MANDAMARRI,Mandamarri,Revenue Ward No  14,189,101,
ADILABAD,MANDAMARRI,Mandamarri,Revenue Ward No  15,521,340,1
ADILABAD,MANDAMARRI,Mandamarri,Revenue Ward No  16,440,220,5
ADILABAD,MANDAMARRI,Mandamarri,Revenue Ward No  17,272,131,
ADILABAD,MANDAMARRI,Mandamarri,Revenue Ward No  18,320,156,
ADILABAD,MANDAMARRI,Mandamarri,Revenue Ward No  19,420,254,1
ADILABAD,MANDAMARRI,Mandamarri,Revenue Ward No  2,330,206,
ADILABAD,MANDAMARRI,Mandamarri,Revenue Ward No  20,416,245,
ADILABAD,MANDAMARRI,Mandamarri,Revenue Ward No  21,374,205,
ADILABAD,MANDAMARRI,Mandamarri,Revenue Ward No  22,297,167,
ADILABAD,MANDAMARRI,Mandamarri,Revenue Ward No  23,368,201,1
ADILABAD,MANDAMARRI,Mandamarri,Revenue Ward No  24,545,378,3
ADILABAD,MANDAMARRI,Mandamarri,Revenue Ward No  3,308,169,
ADILABAD,MANDAMARRI,Mandamarri,Revenue Ward No  4,266,174,1
ADILABAD,MANDAMARRI,Mandamarri,Revenue Ward No  5,227,144,
ADILABAD,MANDAMARRI,Mandamarri,Revenue Ward No  6,602,393,1
ADILABAD,MANDAMARRI,Mandamarri,Revenue Ward No  7,458,258,
ADILABAD,MANDAMARRI,Mandamarri,Revenue Ward No  8,205,127,
ADILABAD,MANDAMARRI,Mandamarri,Revenue Ward No  9,255,158,
ADILABAD,NIRMAL,Nirmal,Revenue Ward 10,284,102,2
ADILABAD,NIRMAL,Nirmal,Revenue Ward No  1,314,171,
ADILABAD,NIRMAL,Nirmal,Revenue Ward No  2,211,125,
ADILABAD,NIRMAL,Nirmal,Revenue Ward No  3,261,122,
ADILABAD,NIRMAL,Nirmal,Revenue Ward No  4,251,99,2
ADILABAD,NIRMAL,Nirmal,Revenue Ward No  5,422,143,2
ADILABAD,NIRMAL,Nirmal,Revenue Ward No  6,438,182,1
ADILABAD,NIRMAL,Nirmal,Revenue Ward No  7,484,322,3
ADILABAD,NIRMAL,Nirmal,Revenue Ward No  8,251,92,
ADILABAD,NIRMAL,Nirmal,Revenue Ward No  9,216,66,
ADILABAD,NIRMAL,Nirmal,Revenue Ward No 29,605,341,5
ADILABAD,NIRMAL,Nirmal,Revenue Ward No 30,455,294,2
ADILABAD,NIRMAL,Nirmal,Revenue Ward No 31,245,157,1
ADILABAD,NIRMAL,Nirmal,Revenue Ward No 32,253,138,
ADILABAD,NIRMAL,Nirmal,Revenue Ward No 33,224,157,2
ADILABAD,NIRMAL,Nirmal,Revenue Ward No 34,323,101,
ADILABAD,NIRMAL,Nirmal,Revenue Ward No 35,538,291,3
ADILABAD,NIRMAL,Nirmal,Revenue Ward No 36,1026,762,3
ADILABAD,NIRMAL,Nirmal,Revenue Ward No.11,411,219,3
ADILABAD,NIRMAL,Nirmal,Revenue Ward No.12,268,122,1
ADILABAD,NIRMAL,Nirmal,Revenue Ward No.13,167,56,
ADILABAD,NIRMAL,Nirmal,Revenue Ward No.14,134,52,
ADILABAD,NIRMAL,Nirmal,Revenue Ward No.15,170,54,1
ADILABAD,NIRMAL,Nirmal,Revenue Ward No.16,351,265,1
ADILABAD,NIRMAL,Nirmal,Revenue Ward No.17,203,111,
ADILABAD,NIRMAL,Nirmal,Revenue Ward No.18,153,101,1
ADILABAD,NIRMAL,Nirmal,Revenue Ward No.19,234,61,
ADILABAD,NIRMAL,Nirmal,Revenue Ward No.20,278,107,
ADILABAD,NIRMAL,Nirmal,Revenue Ward No.21,617,325,3
ADILABAD,NIRMAL,Nirmal,Revenue Ward No.22,378,229,1
ADILABAD,NIRMAL,Nirmal,Revenue Ward No.23,256,92,1
ADILABAD,NIRMAL,Nirmal,Revenue Ward No.24,334,158,2
ADILABAD,NIRMAL,Nirmal,Revenue Ward No.25,258,103,
ADILABAD,NIRMAL,Nirmal,Revenue Ward No.26,389,173,1
ADILABAD,NIRMAL,Nirmal,Revenue Ward No.27,585,332,2
ADILABAD,NIRMAL,Nirmal,Revenue Ward No.28,957,534,2
KARIMNAGAR,HUSNABAD,Husnabad,Revenue Ward No.1,207,118,
KARIMNAGAR,HUSNABAD,Husnabad,Revenue Ward No.10,179,87,
KARIMNAGAR,HUSNABAD,Husnabad,Revenue Ward No.11,152,56,
KARIMNAGAR,HUSNABAD,Husnabad,Revenue Ward No.12,137,73,
KARIMNAGAR,HUSNABAD,Husnabad,Revenue Ward No.13,61,35,
KARIMNAGAR,HUSNABAD,Husnabad,Revenue Ward No.14,145,59,1
KARIMNAGAR,HUSNABAD,Husnabad,Revenue Ward No.15,101,44,
KARIMNAGAR,HUSNABAD,Husnabad,Revenue Ward No.16,327,197,
KARIMNAGAR,HUSNABAD,Husnabad,Revenue Ward No.17,121,72,
KARIMNAGAR,HUSNABAD,Husnabad,Revenue Ward No.18,198,123,4
KARIMNAGAR,HUSNABAD,Husnabad,Revenue Ward No.19,204,121,1
KARIMNAGAR,HUSNABAD,Husnabad,Revenue Ward No.2,67,29,
KARIMNAGAR,HUSNABAD,Husnabad,Revenue Ward No.20,68,28,
KARIMNAGAR,HUSNABAD,Husnabad,Revenue Ward No.21,43,24,
KARIMNAGAR,HUSNABAD,Husnabad,Revenue Ward No.22,8,10,
KARIMNAGAR,HUSNABAD,Husnabad,Revenue Ward No.3,46,11,
KARIMNAGAR,HUSNABAD,Husnabad,Revenue Ward No.4,132,79,
KARIMNAGAR,HUSNABAD,Husnabad,Revenue Ward No.5,141,94,
KARIMNAGAR,HUSNABAD,Husnabad,Revenue Ward No.6,233,150,
KARIMNAGAR,HUSNABAD,Husnabad,Revenue Ward No.7,101,39,
KARIMNAGAR,HUSNABAD,Husnabad,Revenue Ward No.8,81,35,
KARIMNAGAR,HUSNABAD,Husnabad,Revenue Ward No.9,128,56,
KARIMNAGAR,HUZURABAD,Huzurabad,Revenue Ward No 21,293,174,
KARIMNAGAR,HUZURABAD,Huzurabad,Revenue Ward No.1,227,91,1
KARIMNAGAR,HUZURABAD,Huzurabad,Revenue Ward No.10,81,29,
KARIMNAGAR,HUZURABAD,Huzurabad,Revenue Ward No.11,92,28,
KARIMNAGAR,HUZURABAD,Huzurabad,Revenue Ward No.12,158,60,1
KARIMNAGAR,HUZURABAD,Huzurabad,Revenue Ward No.13,64,20,
KARIMNAGAR,HUZURABAD,Huzurabad,Revenue Ward No.14,81,31,
KARIMNAGAR,HUZURABAD,Huzurabad,Revenue Ward No.15,87,33,
KARIMNAGAR,HUZURABAD,Huzurabad,Revenue Ward No.16,78,33,
KARIMNAGAR,HUZURABAD,Huzurabad,Revenue Ward No.17,28,13,
KARIMNAGAR,HUZURABAD,Huzurabad,Revenue Ward No.18,147,77,
KARIMNAGAR,HUZURABAD,Huzurabad,Revenue Ward No.19,73,28,1
KARIMNAGAR,HUZURABAD,Huzurabad,Revenue Ward No.2,108,41,1
KARIMNAGAR,HUZURABAD,Huzurabad,Revenue Ward No.20,155,65,1
KARIMNAGAR,HUZURABAD,Huzurabad,Revenue Ward No.3,377,204,1
KARIMNAGAR,HUZURABAD,Huzurabad,Revenue Ward No.4,67,26,
KARIMNAGAR,HUZURABAD,Huzurabad,Revenue Ward No.5,211,112,
KARIMNAGAR,HUZURABAD,Huzurabad,Revenue Ward No.6,126,52,
KARIMNAGAR,HUZURABAD,Huzurabad,Revenue Ward No.7,46,20,1
KARIMNAGAR,HUZURABAD,Huzurabad,Revenue Ward No.8,186,79,
KARIMNAGAR,HUZURABAD,Huzurabad,Revenue Ward No.9,171,61,
KARIMNAGAR,JAGTIAL,Jagityal,Revenue Ward No  1,424,251,2
KARIMNAGAR,JAGTIAL,Jagityal,Revenue Ward No  10,351,135,1
KARIMNAGAR,JAGTIAL,Jagityal,Revenue Ward No  11,297,117,
KARIMNAGAR,JAGTIAL,Jagityal,Revenue Ward No  12,248,65,1
KARIMNAGAR,JAGTIAL,Jagityal,Revenue Ward No  13,250,86,1
KARIMNAGAR,JAGTIAL,Jagityal,Revenue Ward No  14,318,141,
KARIMNAGAR,JAGTIAL,Jagityal,Revenue Ward No  15,297,91,
KARIMNAGAR,JAGTIAL,Jagityal,Revenue Ward No  16,434,139,3
KARIMNAGAR,JAGTIAL,Jagityal,Revenue Ward No  17,200,69,3
KARIMNAGAR,JAGTIAL,Jagityal,Revenue Ward No  18,686,439,5
KARIMNAGAR,JAGTIAL,Jagityal,Revenue Ward No  19,191,72,
KARIMNAGAR,JAGTIAL,Jagityal,Revenue Ward No  2,404,197,1
KARIMNAGAR,JAGTIAL,Jagityal,Revenue Ward No  20,374,159,
KARIMNAGAR,JAGTIAL,Jagityal,Revenue Ward No  21,185,47,
KARIMNAGAR,JAGTIAL,Jagityal,Revenue Ward No  22,144,36,
KARIMNAGAR,JAGTIAL,Jagityal,Revenue Ward No  23,197,82,
KARIMNAGAR,JAGTIAL,Jagityal,Revenue Ward No  24,386,159,5
KARIMNAGAR,JAGTIAL,Jagityal,Revenue Ward No  25,296,141,2
KARIMNAGAR,JAGTIAL,Jagityal,Revenue Ward No  26,369,137,1
KARIMNAGAR,JAGTIAL,Jagityal,Revenue Ward No  27,518,254,1
KARIMNAGAR,JAGTIAL,Jagityal,Revenue Ward No  28,341,191,
KARIMNAGAR,JAGTIAL,Jagityal,Revenue Ward No  29,485,286,2
KARIMNAGAR,JAGTIAL,Jagityal,Revenue Ward No  3,381,169,1
KARIMNAGAR,JAGTIAL,Jagityal,Revenue Ward No  30,561,319,2
KARIMNAGAR,JAGTIAL,Jagityal,Revenue Ward No  31,427,210,
KARIMNAGAR,JAGTIAL,Jagityal,Revenue Ward No  32,353,187,1
KARIMNAGAR,JAGTIAL,Jagityal,Revenue Ward No  4,142,47,
KARIMNAGAR,JAGTIAL,Jagityal,Revenue Ward No  5,430,199,
KARIMNAGAR,JAGTIAL,Jagityal,Revenue Ward No  6,332,160,
KARIMNAGAR,JAGTIAL,Jagityal,Revenue Ward No  7,227,91,
KARIMNAGAR,JAGTIAL,Jagityal,Revenue Ward No  8,157,41,
KARIMNAGAR,JAGTIAL,Jagityal,Revenue Ward No  9,469,216,2
KARIMNAGAR,JAGTIAL,Jagityal,Revenue Ward No 33,118,56,
KARIMNAGAR,JAGTIAL,Jagityal,Revenue Ward No 34,242,112,
KARIMNAGAR,JAGTIAL,Jagityal,Revenue Ward No 35,277,126,
KARIMNAGAR,JAGTIAL,Jagityal,Revenue Ward No 36,175,74,
KARIMNAGAR,JAGTIAL,Jagityal,Revenue Ward No 37,386,273,4
KARIMNAGAR,JAGTIAL,Jagityal,Revenue Ward No 38,497,274,
KARIMNAGAR,JAMMIKUNTA,Jammikunta,Abadi Jammikunta Akulawada,34,18,
KARIMNAGAR,JAMMIKUNTA,Jammikunta,Abadi Jammikunta Bolla Wada,61,26,1
KARIMNAGAR,JAMMIKUNTA,Jammikunta,Abadi Jammikunta Bus Stasnd Area,71,31,
KARIMNAGAR,JAMMIKUNTA,Jammikunta,Abadi Jammikunta SCColony,137,92,
KARIMNAGAR,JAMMIKUNTA,Jammikunta,Abadi Jammikunta Shivalayam,49,27,
KARIMNAGAR,JAMMIKUNTA,Jammikunta,Employees Colony,423,192,2
KARIMNAGAR,JAMMIKUNTA,Jammikunta,Ganeshnagar,176,82,2
KARIMNAGAR,JAMMIKUNTA,Jammikunta,Girls High School Area,108,43,
KARIMNAGAR,JAMMIKUNTA,Jammikunta,Housing Board Colony,517,276,2
KARIMNAGAR,JAMMIKUNTA,Jammikunta,Keshavapoor,203,135,1
KARIMNAGAR,JAMMIKUNTA,Jammikunta,Konduru Wari Veedi,96,31,
KARIMNAGAR,JAMMIKUNTA,Jammikunta,Main Road,419,196,2
KARIMNAGAR,JAMMIKUNTA,Jammikunta,Mothukulagudem,658,370,2
KARIMNAGAR,JAMMIKUNTA,Jammikunta,Mothukulagudem Ponaganti Wada,18,9,1
KARIMNAGAR,JAMMIKUNTA,Jammikunta,Mothukulagudem S C Colony,142,102,1
KARIMNAGAR,JAMMIKUNTA,Jammikunta,Nagarapanchayath Area,52,28,1
KARIMNAGAR,JAMMIKUNTA,Jammikunta,Padmashali Wada,355,191,1
KARIMNAGAR,JAMMIKUNTA,Jammikunta,Veg-table Market Area,19,10,
KARIMNAGAR,KARIMNAGAR,Karimnagar, Ward 31,43,16,
KARIMNAGAR,KARIMNAGAR,Karimnagar, Ward 32,74,34,1
KARIMNAGAR,KARIMNAGAR,Karimnagar, Ward 33,334,121,2
KARIMNAGAR,KARIMNAGAR,Karimnagar, Ward 34,175,60,
KARIMNAGAR,KARIMNAGAR,Karimnagar, Ward 35,31,13,
KARIMNAGAR,KARIMNAGAR,Karimnagar, Ward 36,61,23,
KARIMNAGAR,KARIMNAGAR,Karimnagar, Ward 37,23,9,
KARIMNAGAR,KARIMNAGAR,Karimnagar, Ward 38,37,23,1
KARIMNAGAR,KARIMNAGAR,Karimnagar, Ward 40,2,1,
KARIMNAGAR,KARIMNAGAR,Karimnagar, Ward 41,48,18,
KARIMNAGAR,KARIMNAGAR,Karimnagar, Ward 42,184,77,
KARIMNAGAR,KARIMNAGAR,Karimnagar, Ward 43,387,214,2
KARIMNAGAR,KARIMNAGAR,Karimnagar, Ward 44,50,15,
KARIMNAGAR,KARIMNAGAR,Karimnagar, Ward 45,5,3,1
KARIMNAGAR,KARIMNAGAR,Karimnagar, Ward 46,25,4,
KARIMNAGAR,KARIMNAGAR,Karimnagar, Ward 47,1,,
KARIMNAGAR,KARIMNAGAR,Karimnagar, Ward 48,94,34,
KARIMNAGAR,KARIMNAGAR,Karimnagar, Ward 49,545,211,1
KARIMNAGAR,KARIMNAGAR,Karimnagar, Ward 50,258,116,2
KARIMNAGAR,KARIMNAGAR,Karimnagar,Revenue Ward 13,70,26,
KARIMNAGAR,KARIMNAGAR,Karimnagar,Revenue Ward 14,64,24,
KARIMNAGAR,KARIMNAGAR,Karimnagar,Revenue Ward 15,24,4,
KARIMNAGAR,KARIMNAGAR,Karimnagar,Revenue Ward 16,63,22,
KARIMNAGAR,KARIMNAGAR,Karimnagar,Revenue Ward 17,18,12,
KARIMNAGAR,KARIMNAGAR,Karimnagar,Revenue Ward 19,27,6,
KARIMNAGAR,KARIMNAGAR,Karimnagar,Revenue Ward 20,61,24,
KARIMNAGAR,KARIMNAGAR,Karimnagar,Revenue Ward 21,105,57,3
KARIMNAGAR,KARIMNAGAR,Karimnagar,Revenue Ward 22,18,4,
KARIMNAGAR,KARIMNAGAR,Karimnagar,Revenue Ward 23,57,20,
KARIMNAGAR,KARIMNAGAR,Karimnagar,Revenue Ward 24,14,4,
KARIMNAGAR,KARIMNAGAR,Karimnagar,Revenue Ward 25,181,73,
KARIMNAGAR,KARIMNAGAR,Karimnagar,Revenue Ward 26,149,68,
KARIMNAGAR,KARIMNAGAR,Karimnagar,Revenue Ward 27,423,238,
KARIMNAGAR,KARIMNAGAR,Karimnagar,Revenue Ward 28,58,24,
KARIMNAGAR,KARIMNAGAR,Karimnagar,Revenue Ward 29,56,8,
KARIMNAGAR,KARIMNAGAR,Karimnagar,Revenue Ward 30,23,9,
KARIMNAGAR,KARIMNAGAR,Karimnagar,Revenue Ward No  1,1293,534,4
KARIMNAGAR,KARIMNAGAR,Karimnagar,Revenue Ward No  10,887,422,2
KARIMNAGAR,KARIMNAGAR,Karimnagar,Revenue Ward No  11,124,62,
KARIMNAGAR,KARIMNAGAR,Karimnagar,Revenue Ward No  12,89,30,
KARIMNAGAR,KARIMNAGAR,Karimnagar,Revenue Ward No  2,1605,563,8
KARIMNAGAR,KARIMNAGAR,Karimnagar,Revenue Ward No  3,1782,721,2
KARIMNAGAR,KARIMNAGAR,Karimnagar,Revenue Ward No  4,989,531,1
KARIMNAGAR,KARIMNAGAR,Karimnagar,Revenue Ward No  5,2248,1091,6
KARIMNAGAR,KARIMNAGAR,Karimnagar,Revenue Ward No  6,2738,1391,9
KARIMNAGAR,KARIMNAGAR,Karimnagar,Revenue Ward No  7,1369,606,6
KARIMNAGAR,KARIMNAGAR,Karimnagar,Revenue Ward No  8,3114,1418,5
KARIMNAGAR,KARIMNAGAR,Karimnagar,Revenue Ward No  9,1851,837,9
KARIMNAGAR,KORATLA,Koratla, Ward No 28,849,464,
KARIMNAGAR,KORATLA,Koratla, Ward No 29,466,292,2
KARIMNAGAR,KORATLA,Koratla, Ward No 30,333,162,
KARIMNAGAR,KORATLA,Koratla, Ward No 31,322,119,3
KARIMNAGAR,KORATLA,Koratla,Revenue Ward No  1,260,79,
KARIMNAGAR,KORATLA,Koratla,Revenue Ward No  10,335,261,3
KARIMNAGAR,KORATLA,Koratla,Revenue Ward No  11,280,161,1
KARIMNAGAR,KORATLA,Koratla,Revenue Ward No  12,206,68,
KARIMNAGAR,KORATLA,Koratla,Revenue Ward No  13,229,72,
KARIMNAGAR,KORATLA,Koratla,Revenue Ward No  14,239,131,
KARIMNAGAR,KORATLA,Koratla,Revenue Ward No  15,315,198,1
KARIMNAGAR,KORATLA,Koratla,Revenue Ward No  16,226,73,
KARIMNAGAR,KORATLA,Koratla,Revenue Ward No  17,233,73,1
KARIMNAGAR,KORATLA,Koratla,Revenue Ward No  18,184,53,
KARIMNAGAR,KORATLA,Koratla,Revenue Ward No  19,222,89,
KARIMNAGAR,KORATLA,Koratla,Revenue Ward No  2,234,103,
KARIMNAGAR,KORATLA,Koratla,Revenue Ward No  20,235,78,
KARIMNAGAR,KORATLA,Koratla,Revenue Ward No  21,214,48,
KARIMNAGAR,KORATLA,Koratla,Revenue Ward No  22,230,142,
KARIMNAGAR,KORATLA,Koratla,Revenue Ward No  23,254,155,1
KARIMNAGAR,KORATLA,Koratla,Revenue Ward No  24,737,497,1
KARIMNAGAR,KORATLA,Koratla,Revenue Ward No  3,233,110,
KARIMNAGAR,KORATLA,Koratla,Revenue Ward No  4,664,484,1
KARIMNAGAR,KORATLA,Koratla,Revenue Ward No  5,287,154,
KARIMNAGAR,KORATLA,Koratla,Revenue Ward No  6,179,95,1
KARIMNAGAR,KORATLA,Koratla,Revenue Ward No  7,626,458,2
KARIMNAGAR,KORATLA,Koratla,Revenue Ward No  8,333,152,2
KARIMNAGAR,KORATLA,Koratla,Revenue Ward No  9,336,192,3
KARIMNAGAR,KORATLA,Koratla,Revenue Ward No 25,404,275,1
KARIMNAGAR,KORATLA,Koratla,Revenue Ward No 26,326,182,1
KARIMNAGAR,KORATLA,Koratla,Revenue Ward No 27,274,106,
KARIMNAGAR,METPALLE,Metpalle,Revenue Ward 1,623,390,
KARIMNAGAR,METPALLE,Metpalle,Revenue Ward 10,195,66,1
KARIMNAGAR,METPALLE,Metpalle,Revenue Ward 11,210,120,1
KARIMNAGAR,METPALLE,Metpalle,Revenue Ward 12,230,132,
KARIMNAGAR,METPALLE,Metpalle,Revenue Ward 13,562,299,1
KARIMNAGAR,METPALLE,Metpalle,Revenue Ward 14,512,325,3
KARIMNAGAR,METPALLE,Metpalle,Revenue Ward 15,237,111,
KARIMNAGAR,METPALLE,Metpalle,Revenue Ward 16,272,127,1
KARIMNAGAR,METPALLE,Metpalle,Revenue Ward 17,193,57,1
KARIMNAGAR,METPALLE,Metpalle,Revenue Ward 18,289,165,
KARIMNAGAR,METPALLE,Metpalle,Revenue Ward 19,182,63,1
KARIMNAGAR,METPALLE,Metpalle,Revenue Ward 2,393,182,
KARIMNAGAR,METPALLE,Metpalle,Revenue Ward 20,702,554,
KARIMNAGAR,METPALLE,Metpalle,Revenue Ward 21,180,77,
KARIMNAGAR,METPALLE,Metpalle,Revenue Ward 22,141,71,
KARIMNAGAR,METPALLE,Metpalle,Revenue Ward 23,193,87,
KARIMNAGAR,METPALLE,Metpalle,Revenue Ward 24,229,91,2
KARIMNAGAR,METPALLE,Metpalle,Revenue Ward 3,238,114,1
KARIMNAGAR,METPALLE,Metpalle,Revenue Ward 4,436,204,2
KARIMNAGAR,METPALLE,Metpalle,Revenue Ward 5,205,63,
KARIMNAGAR,METPALLE,Metpalle,Revenue Ward 6,311,133,
KARIMNAGAR,METPALLE,Metpalle,Revenue Ward 7,379,231,3
KARIMNAGAR,METPALLE,Metpalle,Revenue Ward 8,421,207,
KARIMNAGAR,METPALLE,Metpalle,Revenue Ward 9,345,138,
KARIMNAGAR,PEDDAPALLE,Peddapalli,Revenue Ward No.1,585,313,
KARIMNAGAR,PEDDAPALLE,Peddapalli,Revenue Ward No.2,1489,823,8
KARIMNAGAR,PEDDAPALLE,Peddapalli,Revenue Ward No.3,938,489,1
KARIMNAGAR,PEDDAPALLE,Peddapalli,Revenue Ward No.4,1446,822,3
KARIMNAGAR,RAMAGUNDAM,Ramagundam, Ward No 23,234,152,1
KARIMNAGAR,RAMAGUNDAM,Ramagundam, Ward No 24,57,40,
KARIMNAGAR,RAMAGUNDAM,Ramagundam, Ward No 25,379,202,
KARIMNAGAR,RAMAGUNDAM,Ramagundam, Ward No 26,473,272,
KARIMNAGAR,RAMAGUNDAM,Ramagundam, Ward No 27,587,364,2
KARIMNAGAR,RAMAGUNDAM,Ramagundam, Ward No 28,1,1,
KARIMNAGAR,RAMAGUNDAM,Ramagundam, Ward No 29,16,12,
KARIMNAGAR,RAMAGUNDAM,Ramagundam, Ward No 30,80,38,
KARIMNAGAR,RAMAGUNDAM,Ramagundam, Ward No 31,260,135,1
KARIMNAGAR,RAMAGUNDAM,Ramagundam, Ward No 32,29,19,
KARIMNAGAR,RAMAGUNDAM,Ramagundam, Ward No 33,295,178,
KARIMNAGAR,RAMAGUNDAM,Ramagundam, Ward No 34,299,210,1
KARIMNAGAR,RAMAGUNDAM,Ramagundam, Ward No 35,272,196,
KARIMNAGAR,RAMAGUNDAM,Ramagundam, Ward No 36,195,136,2
KARIMNAGAR,RAMAGUNDAM,Ramagundam, Ward No 37,369,230,
KARIMNAGAR,RAMAGUNDAM,Ramagundam, Ward No 38,212,146,
KARIMNAGAR,RAMAGUNDAM,Ramagundam, Ward No 39,101,56,
KARIMNAGAR,RAMAGUNDAM,Ramagundam, Ward No 40,69,49,1
KARIMNAGAR,RAMAGUNDAM,Ramagundam, Ward No 41,27,10,
KARIMNAGAR,RAMAGUNDAM,Ramagundam, Ward No 42,30,16,
KARIMNAGAR,RAMAGUNDAM,Ramagundam, Ward No 43,15,9,
KARIMNAGAR,RAMAGUNDAM,Ramagundam, Ward No 45,513,308,1
KARIMNAGAR,RAMAGUNDAM,Ramagundam, Ward No 46,299,178,
KARIMNAGAR,RAMAGUNDAM,Ramagundam, Ward No 47,47,8,
KARIMNAGAR,RAMAGUNDAM,Ramagundam, Ward No 48,117,36,1
KARIMNAGAR,RAMAGUNDAM,Ramagundam, Ward No 49,4,3,
KARIMNAGAR,RAMAGUNDAM,Ramagundam, Ward No 50,1,1,
KARIMNAGAR,RAMAGUNDAM,Ramagundam,Revenue Ward No  1,1805,997,3
KARIMNAGAR,RAMAGUNDAM,Ramagundam,Revenue Ward No  10,1457,910,4
KARIMNAGAR,RAMAGUNDAM,Ramagundam,Revenue Ward No  11,2055,1176,6
KARIMNAGAR,RAMAGUNDAM,Ramagundam,Revenue Ward No  12,1107,651,3
KARIMNAGAR,RAMAGUNDAM,Ramagundam,Revenue Ward No  13,938,611,4
KARIMNAGAR,RAMAGUNDAM,Ramagundam,Revenue Ward No  14,1415,920,6
KARIMNAGAR,RAMAGUNDAM,Ramagundam,Revenue Ward No  15,1300,755,2
KARIMNAGAR,RAMAGUNDAM,Ramagundam,Revenue Ward No  16,535,306,2
KARIMNAGAR,RAMAGUNDAM,Ramagundam,Revenue Ward No  17,875,544,3
KARIMNAGAR,RAMAGUNDAM,Ramagundam,Revenue Ward No  18,487,290,2
KARIMNAGAR,RAMAGUNDAM,Ramagundam,Revenue Ward No  19,1423,679,2
KARIMNAGAR,RAMAGUNDAM,Ramagundam,Revenue Ward No  2,900,533,2
KARIMNAGAR,RAMAGUNDAM,Ramagundam,Revenue Ward No  20,257,126,1
KARIMNAGAR,RAMAGUNDAM,Ramagundam,Revenue Ward No  21,1600,907,13
KARIMNAGAR,RAMAGUNDAM,Ramagundam,Revenue Ward No  22,230,155,5
KARIMNAGAR,RAMAGUNDAM,Ramagundam,Revenue Ward No  3,1475,919,5
KARIMNAGAR,RAMAGUNDAM,Ramagundam,Revenue Ward No  4,785,461,
KARIMNAGAR,RAMAGUNDAM,Ramagundam,Revenue Ward No  5,755,446,2
KARIMNAGAR,RAMAGUNDAM,Ramagundam,Revenue Ward No  6,832,450,1
KARIMNAGAR,RAMAGUNDAM,Ramagundam,Revenue Ward No  7,822,541,3
KARIMNAGAR,RAMAGUNDAM,Ramagundam,Revenue Ward No  8,1763,1037,4
KARIMNAGAR,RAMAGUNDAM,Ramagundam,Revenue Ward No  9,919,587,8
KARIMNAGAR,SIRCILLA,Sircilla,Revenue Ward No  1,1301,513,
KARIMNAGAR,SIRCILLA,Sircilla,Revenue Ward No  10,1267,612,3
KARIMNAGAR,SIRCILLA,Sircilla,Revenue Ward No  11,1191,531,
KARIMNAGAR,SIRCILLA,Sircilla,Revenue Ward No  12,1383,543,3
KARIMNAGAR,SIRCILLA,Sircilla,Revenue Ward No  2,816,280,
KARIMNAGAR,SIRCILLA,Sircilla,Revenue Ward No  3,823,364,5
KARIMNAGAR,SIRCILLA,Sircilla,Revenue Ward No  4,798,350,
KARIMNAGAR,SIRCILLA,Sircilla,Revenue Ward No  5,260,93,2
KARIMNAGAR,SIRCILLA,Sircilla,Revenue Ward No  6,609,226,3
KARIMNAGAR,SIRCILLA,Sircilla,Revenue Ward No  7,533,213,3
KARIMNAGAR,SIRCILLA,Sircilla,Revenue Ward No  8,848,292,2
KARIMNAGAR,SIRCILLA,Sircilla,Revenue Ward No  9,1244,575,5
KARIMNAGAR,VEMULAWADA,Vemulawada,Revenue Ward No.1,978,488,1
KARIMNAGAR,VEMULAWADA,Vemulawada,Revenue Ward No.10,675,451,2
KARIMNAGAR,VEMULAWADA,Vemulawada,Revenue Ward No.2,457,238,4
KARIMNAGAR,VEMULAWADA,Vemulawada,Revenue Ward No.3,129,51,
KARIMNAGAR,VEMULAWADA,Vemulawada,Revenue Ward No.4,116,41,1
KARIMNAGAR,VEMULAWADA,Vemulawada,Revenue Ward No.5,270,133,3
KARIMNAGAR,VEMULAWADA,Vemulawada,Revenue Ward No.6,213,103,
KARIMNAGAR,VEMULAWADA,Vemulawada,Revenue Ward No.7,591,255,6
KARIMNAGAR,VEMULAWADA,Vemulawada,Revenue Ward No.8,581,288,2
KARIMNAGAR,VEMULAWADA,Vemulawada,Revenue Ward No.9,693,283,1
KHAMMAM,KHAMMAM (URBAN),Khammam,Revenue Ward No  1,1618,837,4
KHAMMAM,KHAMMAM (URBAN),Khammam,Revenue Ward No  2,659,292,1
KHAMMAM,KHAMMAM (URBAN),Khammam,Revenue Ward No  3,2193,1051,12
KHAMMAM,KHAMMAM (URBAN),Khammam,Revenue Ward No  4,2839,1501,13
KHAMMAM,KHAMMAM (URBAN),Khammam,Revenue Ward No  5,3298,1499,8
KHAMMAM,KHAMMAM (URBAN),Khammam,Revenue Ward No  6,501,269,
KHAMMAM,KHAMMAM (URBAN),Khammam,Revenue Ward No  7,713,257,
KHAMMAM,KHAMMAM (URBAN),Khammam,Revenue Ward No  8,1744,881,4
KHAMMAM,KHAMMAM (URBAN),Khammam,Revenue Ward No  9,378,155,1
KHAMMAM,KHAMMAM (URBAN),Khammam,Revenue Ward No 10,995,433,5
KHAMMAM,KHAMMAM (URBAN),Khammam,Revenue Ward No 11,3385,1706,8
KHAMMAM,KHAMMAM (URBAN),Khammam,Revenue Ward No 12,10012,5653,31
KHAMMAM,KHAMMAM (URBAN),Khammam,Revenue Ward No. 37,104,61,
KHAMMAM,KHAMMAM (URBAN),Khammam,Revenue Ward No. 38,51,33,
KHAMMAM,KHAMMAM (URBAN),Khammam,Revenue Ward No. 39,74,62,1
KHAMMAM,KHAMMAM (URBAN),Khammam,Revenue Ward No. 40,183,86,
KHAMMAM,KHAMMAM (URBAN),Khammam,Revenue Ward No. 41,65,36,1
KHAMMAM,KOTHAGUDEM,Kothagudem,Revenue Ward No  1,282,112,5
KHAMMAM,KOTHAGUDEM,Kothagudem,Revenue Ward No  10,370,199,1
KHAMMAM,KOTHAGUDEM,Kothagudem,Revenue Ward No  11,304,159,2
KHAMMAM,KOTHAGUDEM,Kothagudem,Revenue Ward No  12,309,158,
KHAMMAM,KOTHAGUDEM,Kothagudem,Revenue Ward No  13,445,245,
KHAMMAM,KOTHAGUDEM,Kothagudem,Revenue Ward No  14,243,123,3
KHAMMAM,KOTHAGUDEM,Kothagudem,Revenue Ward No  15,117,48,1
KHAMMAM,KOTHAGUDEM,Kothagudem,Revenue Ward No  16,319,163,1
KHAMMAM,KOTHAGUDEM,Kothagudem,Revenue Ward No  17,216,101,
KHAMMAM,KOTHAGUDEM,Kothagudem,Revenue Ward No  2,364,179,1
KHAMMAM,KOTHAGUDEM,Kothagudem,Revenue Ward No  3,364,176,
KHAMMAM,KOTHAGUDEM,Kothagudem,Revenue Ward No  4,426,183,2
KHAMMAM,KOTHAGUDEM,Kothagudem,Revenue Ward No  5,444,251,2
KHAMMAM,KOTHAGUDEM,Kothagudem,Revenue Ward No  6,341,183,
KHAMMAM,KOTHAGUDEM,Kothagudem,Revenue Ward No  7,248,130,
KHAMMAM,KOTHAGUDEM,Kothagudem,Revenue Ward No  8,280,122,4
KHAMMAM,KOTHAGUDEM,Kothagudem,Revenue Ward No  9,270,114,4
KHAMMAM,KOTHAGUDEM,Kothagudem,Revenue Ward No 18,239,85,1
KHAMMAM,KOTHAGUDEM,Kothagudem,Revenue Ward No 19,185,73,2
KHAMMAM,KOTHAGUDEM,Kothagudem,Revenue Ward No 20,134,67,1
KHAMMAM,KOTHAGUDEM,Kothagudem,Revenue Ward No 21,107,40,
KHAMMAM,KOTHAGUDEM,Kothagudem,Revenue Ward No 22,350,176,1
KHAMMAM,KOTHAGUDEM,Kothagudem,Revenue Ward No 23,416,205,2
KHAMMAM,KOTHAGUDEM,Kothagudem,Revenue Ward No 24,468,248,
KHAMMAM,KOTHAGUDEM,Kothagudem,Revenue Ward No 25,319,183,
KHAMMAM,KOTHAGUDEM,Kothagudem,Revenue Ward No 26,292,136,2
KHAMMAM,KOTHAGUDEM,Kothagudem,Revenue Ward No 27,121,45,1
KHAMMAM,KOTHAGUDEM,Kothagudem,Revenue Ward No 28,195,101,1
KHAMMAM,KOTHAGUDEM,Kothagudem,Revenue Ward No 29,246,116,2
KHAMMAM,KOTHAGUDEM,Kothagudem,Revenue Ward No 30,261,129,1
KHAMMAM,KOTHAGUDEM,Kothagudem,Revenue Ward No 31,191,100,1
KHAMMAM,KOTHAGUDEM,Kothagudem,Revenue Ward No 32,244,93,
KHAMMAM,KOTHAGUDEM,Kothagudem,Revenue Ward No 33,202,87,
KHAMMAM,MADHIRA,Madhira,Revenue Ward No.1,663,324,1
KHAMMAM,MADHIRA,Madhira,Revenue Ward No.10,54,27,
KHAMMAM,MADHIRA,Madhira,Revenue Ward No.11,172,83,
KHAMMAM,MADHIRA,Madhira,Revenue Ward No.12,360,162,
KHAMMAM,MADHIRA,Madhira,Revenue Ward No.13,105,61,
KHAMMAM,MADHIRA,Madhira,Revenue Ward No.14,16,12,
KHAMMAM,MADHIRA,Madhira,Revenue Ward No.15,989,574,4
KHAMMAM,MADHIRA,Madhira,Revenue Ward No.2,95,47,
KHAMMAM,MADHIRA,Madhira,Revenue Ward No.3,218,125,1
KHAMMAM,MADHIRA,Madhira,Revenue Ward No.4,171,111,1
KHAMMAM,MADHIRA,Madhira,Revenue Ward No.5,45,18,
KHAMMAM,MADHIRA,Madhira,Revenue Ward No.6,26,4,
KHAMMAM,MADHIRA,Madhira,Revenue Ward No.7,152,84,
KHAMMAM,MADHIRA,Madhira,Revenue Ward No.8,92,53,
KHAMMAM,MADHIRA,Madhira,Revenue Ward No.9,149,85,
KHAMMAM,MANUGURU,Manugur,Revenue Ward No 1,174,100,
KHAMMAM,MANUGURU,Manugur,Revenue Ward No 10,1172,792,3
KHAMMAM,MANUGURU,Manugur,Revenue Ward No 2,358,223,1
KHAMMAM,MANUGURU,Manugur,Revenue Ward No 3,319,204,
KHAMMAM,MANUGURU,Manugur,Revenue Ward No 4,360,234,1
KHAMMAM,MANUGURU,Manugur,Revenue Ward No 5,458,286,1
KHAMMAM,MANUGURU,Manugur,Revenue Ward No 6,486,330,2
KHAMMAM,MANUGURU,Manugur,Revenue Ward No 7,451,305,2
KHAMMAM,MANUGURU,Manugur,Revenue Ward No 8,672,403,3
KHAMMAM,MANUGURU,Manugur,Revenue Ward No 9,308,164,
KHAMMAM,PALWANCHA,Palwancha,Revenue Ward No  1,533,298,2
KHAMMAM,PALWANCHA,Palwancha,Revenue Ward No  10,262,162,
KHAMMAM,PALWANCHA,Palwancha,Revenue Ward No  11,264,131,1
KHAMMAM,PALWANCHA,Palwancha,Revenue Ward No  12,107,66,
KHAMMAM,PALWANCHA,Palwancha,Revenue Ward No  13,399,217,1
KHAMMAM,PALWANCHA,Palwancha,Revenue Ward No  14,385,216,
KHAMMAM,PALWANCHA,Palwancha,Revenue Ward No  15,236,159,
KHAMMAM,PALWANCHA,Palwancha,Revenue Ward No  16,486,288,2
KHAMMAM,PALWANCHA,Palwancha,Revenue Ward No  17,274,118,1
KHAMMAM,PALWANCHA,Palwancha,Revenue Ward No  18,288,131,1
KHAMMAM,PALWANCHA,Palwancha,Revenue Ward No  19,53,29,
KHAMMAM,PALWANCHA,Palwancha,Revenue Ward No  2,442,238,2
KHAMMAM,PALWANCHA,Palwancha,Revenue Ward No  20,852,440,1
KHAMMAM,PALWANCHA,Palwancha,Revenue Ward No  21,281,159,
KHAMMAM,PALWANCHA,Palwancha,Revenue Ward No  22,919,515,7
KHAMMAM,PALWANCHA,Palwancha,Revenue Ward No  23,448,283,4
KHAMMAM,PALWANCHA,Palwancha,Revenue Ward No  24,170,122,2
KHAMMAM,PALWANCHA,Palwancha,Revenue Ward No  25,297,158,1
KHAMMAM,PALWANCHA,Palwancha,Revenue Ward No  26,239,147,
KHAMMAM,PALWANCHA,Palwancha,Revenue Ward No  27,247,148,
KHAMMAM,PALWANCHA,Palwancha,Revenue Ward No  28,278,167,2
KHAMMAM,PALWANCHA,Palwancha,Revenue Ward No  29,89,67,
KHAMMAM,PALWANCHA,Palwancha,Revenue Ward No  3,285,177,1
KHAMMAM,PALWANCHA,Palwancha,Revenue Ward No  30,325,169,
KHAMMAM,PALWANCHA,Palwancha,Revenue Ward No  31,212,119,
KHAMMAM,PALWANCHA,Palwancha,Revenue Ward No  32,99,46,2
KHAMMAM,PALWANCHA,Palwancha,Revenue Ward No  33,3,3,
KHAMMAM,PALWANCHA,Palwancha,Revenue Ward No  34,101,65,1
KHAMMAM,PALWANCHA,Palwancha,Revenue Ward No  35,14,7,
KHAMMAM,PALWANCHA,Palwancha,Revenue Ward No  36,42,15,
KHAMMAM,PALWANCHA,Palwancha,Revenue Ward No  37,18,4,
KHAMMAM,PALWANCHA,Palwancha,Revenue Ward No  38,56,14,
KHAMMAM,PALWANCHA,Palwancha,Revenue Ward No  39,280,136,
KHAMMAM,PALWANCHA,Palwancha,Revenue Ward No  4,309,135,
KHAMMAM,PALWANCHA,Palwancha,Revenue Ward No  5,1110,638,5
KHAMMAM,PALWANCHA,Palwancha,Revenue Ward No  6,430,255,3
KHAMMAM,PALWANCHA,Palwancha,Revenue Ward No  7,234,109,
KHAMMAM,PALWANCHA,Palwancha,Revenue Ward No  8,353,154,3
KHAMMAM,PALWANCHA,Palwancha,Revenue Ward No  9,380,174,2
KHAMMAM,SATHUPALLE,Sattupalle,Revenue Ward No 1,208,127,
KHAMMAM,SATHUPALLE,Sattupalle,Revenue Ward No 10,138,73,1
KHAMMAM,SATHUPALLE,Sattupalle,Revenue Ward No 11,68,35,1
KHAMMAM,SATHUPALLE,Sattupalle,Revenue Ward No 12,279,173,1
KHAMMAM,SATHUPALLE,Sattupalle,Revenue Ward No 13,331,229,4
KHAMMAM,SATHUPALLE,Sattupalle,Revenue Ward No 14,265,148,
KHAMMAM,SATHUPALLE,Sattupalle,Revenue Ward No 15,291,168,
KHAMMAM,SATHUPALLE,Sattupalle,Revenue Ward No 16,166,103,1
KHAMMAM,SATHUPALLE,Sattupalle,Revenue Ward No 17,357,240,
KHAMMAM,SATHUPALLE,Sattupalle,Revenue Ward No 18,154,105,1
KHAMMAM,SATHUPALLE,Sattupalle,Revenue Ward No 19,153,93,2
KHAMMAM,SATHUPALLE,Sattupalle,Revenue Ward No 2,147,79,
KHAMMAM,SATHUPALLE,Sattupalle,Revenue Ward No 20,255,150,
KHAMMAM,SATHUPALLE,Sattupalle,Revenue Ward No 3,138,73,1
KHAMMAM,SATHUPALLE,Sattupalle,Revenue Ward No 4,80,37,
KHAMMAM,SATHUPALLE,Sattupalle,Revenue Ward No 5,113,70,
KHAMMAM,SATHUPALLE,Sattupalle,Revenue Ward No 6,128,88,
KHAMMAM,SATHUPALLE,Sattupalle,Revenue Ward No 7,141,61,
KHAMMAM,SATHUPALLE,Sattupalle,Revenue Ward No 8,128,79,
KHAMMAM,SATHUPALLE,Sattupalle,Revenue Ward No 9,110,57,
KHAMMAM,YELLANDU,Yellandu,Revenue Ward No  1,331,133,2
KHAMMAM,YELLANDU,Yellandu,Revenue Ward No  10,160,77,
KHAMMAM,YELLANDU,Yellandu,Revenue Ward No  11,216,83,1
KHAMMAM,YELLANDU,Yellandu,Revenue Ward No  12,153,88,1
KHAMMAM,YELLANDU,Yellandu,Revenue Ward No  13,55,33,
KHAMMAM,YELLANDU,Yellandu,Revenue Ward No  14,92,40,
KHAMMAM,YELLANDU,Yellandu,Revenue Ward No  15,230,128,
KHAMMAM,YELLANDU,Yellandu,Revenue Ward No  16,284,144,
KHAMMAM,YELLANDU,Yellandu,Revenue Ward No  17,180,77,1
KHAMMAM,YELLANDU,Yellandu,Revenue Ward No  18,107,51,
KHAMMAM,YELLANDU,Yellandu,Revenue Ward No  19,99,43,
KHAMMAM,YELLANDU,Yellandu,Revenue Ward No  2,178,86,1
KHAMMAM,YELLANDU,Yellandu,Revenue Ward No  20,294,158,
KHAMMAM,YELLANDU,Yellandu,Revenue Ward No  3,103,71,
KHAMMAM,YELLANDU,Yellandu,Revenue Ward No  4,177,83,
KHAMMAM,YELLANDU,Yellandu,Revenue Ward No  5,210,130,
KHAMMAM,YELLANDU,Yellandu,Revenue Ward No  6,134,65,2
KHAMMAM,YELLANDU,Yellandu,Revenue Ward No  7,189,103,
KHAMMAM,YELLANDU,Yellandu,Revenue Ward No  8,229,114,1
KHAMMAM,YELLANDU,Yellandu,Revenue Ward No  9,201,94,
KHAMMAM,YELLANDU,Yellandu,Revenue Ward No 21,214,106,
KHAMMAM,YELLANDU,Yellandu,Revenue Ward No 22,204,117,
KHAMMAM,YELLANDU,Yellandu,Revenue Ward No 23,267,139,3
KHAMMAM,YELLANDU,Yellandu,Revenue Ward No 24,129,76,
MAHABUBNAGAR,ACHAMPET,Achempeta,CHINTALBASTHI,128,66,
MAHABUBNAGAR,ACHAMPET,Achempeta,GOKULNAGAR COLONY,250,166,
MAHABUBNAGAR,ACHAMPET,Achempeta,INDRANAGAR COLONY,173,103,1
MAHABUBNAGAR,ACHAMPET,Achempeta,JUBLINAGAR ,192,116,1
MAHABUBNAGAR,ACHAMPET,Achempeta,KAMSALIGERI,2,,
MAHABUBNAGAR,ACHAMPET,Achempeta,KUMMARIVADA,25,10,
MAHABUBNAGAR,ACHAMPET,Achempeta,MADHURANAGAR COLONY,16,7,
MAHABUBNAGAR,ACHAMPET,Achempeta,MAHENDRANAGAR COLONY,278,167,
MAHABUBNAGAR,ACHAMPET,Achempeta,MARUTHINAGAR COLONY,142,74,
MAHABUBNAGAR,ACHAMPET,Achempeta,OLD BAZAR,44,16,
MAHABUBNAGAR,ACHAMPET,Achempeta,PERIKAVADA,104,40,1
MAHABUBNAGAR,ACHAMPET,Achempeta,SAINAGAR COLONY,211,103,
MAHABUBNAGAR,ACHAMPET,Achempeta,SRIRAMNAGAR COLONY,85,38,
MAHABUBNAGAR,ACHAMPET,Achempeta,TANGAPOOR,271,138,
MAHABUBNAGAR,ACHAMPET,Achempeta,VALAPATLA COLONY,98,86,
MAHABUBNAGAR,ACHAMPET,Achempeta,VENKATESHWARA & TEACHERS COLONY,189,92,2
MAHABUBNAGAR,ACHAMPET,Achempeta,VIDYANAGAR COLONY,107,62,
MAHABUBNAGAR,ACHAMPET,Achempeta,VINAYAKNAGAR COLONY,52,32,
MAHABUBNAGAR,FAROOQNAGAR,Shadnagar,Revenue Ward No.1,454,305,1
MAHABUBNAGAR,FAROOQNAGAR,Shadnagar,Revenue Ward No.10,194,101,
MAHABUBNAGAR,FAROOQNAGAR,Shadnagar,Revenue Ward No.11,286,167,
MAHABUBNAGAR,FAROOQNAGAR,Shadnagar,Revenue Ward No.12,191,105,1
MAHABUBNAGAR,FAROOQNAGAR,Shadnagar,Revenue Ward No.13,177,86,
MAHABUBNAGAR,FAROOQNAGAR,Shadnagar,Revenue Ward No.14,129,51,
MAHABUBNAGAR,FAROOQNAGAR,Shadnagar,Revenue Ward No.15,97,31,1
MAHABUBNAGAR,FAROOQNAGAR,Shadnagar,Revenue Ward No.16,273,162,
MAHABUBNAGAR,FAROOQNAGAR,Shadnagar,Revenue Ward No.17,309,156,
MAHABUBNAGAR,FAROOQNAGAR,Shadnagar,Revenue Ward No.18,295,174,
MAHABUBNAGAR,FAROOQNAGAR,Shadnagar,Revenue Ward No.19,221,122,
MAHABUBNAGAR,FAROOQNAGAR,Shadnagar,Revenue Ward No.2,391,244,1
MAHABUBNAGAR,FAROOQNAGAR,Shadnagar,Revenue Ward No.20,349,170,
MAHABUBNAGAR,FAROOQNAGAR,Shadnagar,Revenue Ward No.21,356,201,2
MAHABUBNAGAR,FAROOQNAGAR,Shadnagar,Revenue Ward No.22,299,201,1
MAHABUBNAGAR,FAROOQNAGAR,Shadnagar,Revenue Ward No.23,294,181,1
MAHABUBNAGAR,FAROOQNAGAR,Shadnagar,Revenue Ward No.24,6,4,
MAHABUBNAGAR,FAROOQNAGAR,Shadnagar,Revenue Ward No.26,10,4,
MAHABUBNAGAR,FAROOQNAGAR,Shadnagar,Revenue Ward No.28,1,2,
MAHABUBNAGAR,FAROOQNAGAR,Shadnagar,Revenue Ward No.29,19,18,
MAHABUBNAGAR,FAROOQNAGAR,Shadnagar,Revenue Ward No.3,125,63,
MAHABUBNAGAR,FAROOQNAGAR,Shadnagar,Revenue Ward No.4,284,138,
MAHABUBNAGAR,FAROOQNAGAR,Shadnagar,Revenue Ward No.5,260,159,1
MAHABUBNAGAR,FAROOQNAGAR,Shadnagar,Revenue Ward No.6,128,59,
MAHABUBNAGAR,FAROOQNAGAR,Shadnagar,Revenue Ward No.7,216,99,
MAHABUBNAGAR,FAROOQNAGAR,Shadnagar,Revenue Ward No.8,276,145,
MAHABUBNAGAR,FAROOQNAGAR,Shadnagar,Revenue Ward No.9,497,288,
MAHABUBNAGAR,GADWAL,Gadwal,Revenue Ward No  1,740,414,3
MAHABUBNAGAR,GADWAL,Gadwal,Revenue Ward No  10,115,77,
MAHABUBNAGAR,GADWAL,Gadwal,Revenue Ward No  11,88,38,
MAHABUBNAGAR,GADWAL,Gadwal,Revenue Ward No  12,294,194,
MAHABUBNAGAR,GADWAL,Gadwal,Revenue Ward No  13,267,161,
MAHABUBNAGAR,GADWAL,Gadwal,Revenue Ward No  2,866,563,3
MAHABUBNAGAR,GADWAL,Gadwal,Revenue Ward No  3,293,154,2
MAHABUBNAGAR,GADWAL,Gadwal,Revenue Ward No  4,274,124,
MAHABUBNAGAR,GADWAL,Gadwal,Revenue Ward No  5,338,188,
MAHABUBNAGAR,GADWAL,Gadwal,Revenue Ward No  6,712,396,
MAHABUBNAGAR,GADWAL,Gadwal,Revenue Ward No  7,715,448,2
MAHABUBNAGAR,GADWAL,Gadwal,Revenue Ward No  8,2397,1542,11
MAHABUBNAGAR,GADWAL,Gadwal,Revenue Ward No  9,1008,685,
MAHABUBNAGAR,IEEJ,Ieeja,Revenue Ward No.1,212,124,
MAHABUBNAGAR,IEEJ,Ieeja,Revenue Ward No.10,237,166,
MAHABUBNAGAR,IEEJ,Ieeja,Revenue Ward No.11,271,217,
MAHABUBNAGAR,IEEJ,Ieeja,Revenue Ward No.12,240,188,
MAHABUBNAGAR,IEEJ,Ieeja,Revenue Ward No.13,496,376,1
MAHABUBNAGAR,IEEJ,Ieeja,Revenue Ward No.14,403,292,
MAHABUBNAGAR,IEEJ,Ieeja,Revenue Ward No.15,375,278,
MAHABUBNAGAR,IEEJ,Ieeja,Revenue Ward No.16,174,84,
MAHABUBNAGAR,IEEJ,Ieeja,Revenue Ward No.17,422,263,2
MAHABUBNAGAR,IEEJ,Ieeja,Revenue Ward No.18,565,353,1
MAHABUBNAGAR,IEEJ,Ieeja,Revenue Ward No.19,246,152,1
MAHABUBNAGAR,IEEJ,Ieeja,Revenue Ward No.2,176,139,
MAHABUBNAGAR,IEEJ,Ieeja,Revenue Ward No.20,456,298,
MAHABUBNAGAR,IEEJ,Ieeja,Revenue Ward No.22,2,2,
MAHABUBNAGAR,IEEJ,Ieeja,Revenue Ward No.3,192,146,
MAHABUBNAGAR,IEEJ,Ieeja,Revenue Ward No.4,223,162,
MAHABUBNAGAR,IEEJ,Ieeja,Revenue Ward No.5,251,145,
MAHABUBNAGAR,IEEJ,Ieeja,Revenue Ward No.6,183,92,
MAHABUBNAGAR,IEEJ,Ieeja,Revenue Ward No.7,350,196,1
MAHABUBNAGAR,IEEJ,Ieeja,Revenue Ward No.8,159,110,
MAHABUBNAGAR,IEEJ,Ieeja,Revenue Ward No.9,195,110,1
MAHABUBNAGAR,JADCHERLA,Jadcherla,Revenue Ward No.1,11,6,
MAHABUBNAGAR,JADCHERLA,Jadcherla,Revenue Ward No.14,,1,
MAHABUBNAGAR,JADCHERLA,Jadcherla,Revenue Ward No.15,5,2,
MAHABUBNAGAR,KALWAKURTHY,Kalwakurthy,Revenue Ward No.1,84,42,1
MAHABUBNAGAR,KALWAKURTHY,Kalwakurthy,Revenue Ward No.10,361,254,
MAHABUBNAGAR,KALWAKURTHY,Kalwakurthy,Revenue Ward No.11,273,166,1
MAHABUBNAGAR,KALWAKURTHY,Kalwakurthy,Revenue Ward No.12,121,66,
MAHABUBNAGAR,KALWAKURTHY,Kalwakurthy,Revenue Ward No.13,152,76,
MAHABUBNAGAR,KALWAKURTHY,Kalwakurthy,Revenue Ward No.14,171,95,
MAHABUBNAGAR,KALWAKURTHY,Kalwakurthy,Revenue Ward No.15,216,111,
MAHABUBNAGAR,KALWAKURTHY,Kalwakurthy,Revenue Ward No.16,213,135,
MAHABUBNAGAR,KALWAKURTHY,Kalwakurthy,Revenue Ward No.17,71,35,
MAHABUBNAGAR,KALWAKURTHY,Kalwakurthy,Revenue Ward No.18,141,73,
MAHABUBNAGAR,KALWAKURTHY,Kalwakurthy,Revenue Ward No.19,266,125,
MAHABUBNAGAR,KALWAKURTHY,Kalwakurthy,Revenue Ward No.2,120,55,1
MAHABUBNAGAR,KALWAKURTHY,Kalwakurthy,Revenue Ward No.20,94,58,
MAHABUBNAGAR,KALWAKURTHY,Kalwakurthy,Revenue Ward No.21,1,1,
MAHABUBNAGAR,KALWAKURTHY,Kalwakurthy,Revenue Ward No.23,1,,
MAHABUBNAGAR,KALWAKURTHY,Kalwakurthy,Revenue Ward No.25,27,17,
MAHABUBNAGAR,KALWAKURTHY,Kalwakurthy,Revenue Ward No.3,134,59,1
MAHABUBNAGAR,KALWAKURTHY,Kalwakurthy,Revenue Ward No.4,212,126,
MAHABUBNAGAR,KALWAKURTHY,Kalwakurthy,Revenue Ward No.5,144,91,
MAHABUBNAGAR,KALWAKURTHY,Kalwakurthy,Revenue Ward No.6,143,61,
MAHABUBNAGAR,KALWAKURTHY,Kalwakurthy,Revenue Ward No.7,57,16,
MAHABUBNAGAR,KALWAKURTHY,Kalwakurthy,Revenue Ward No.8,132,55,
MAHABUBNAGAR,KALWAKURTHY,Kalwakurthy,Revenue Ward No.9,169,103,1
MAHABUBNAGAR,KODANGAL,NULL,NULL,1,3,
MAHABUBNAGAR,KOLLAPUR,Kollapur,Revenue Ward No.1,382,323,2
MAHABUBNAGAR,KOLLAPUR,Kollapur,Revenue Ward No.10,113,74,
MAHABUBNAGAR,KOLLAPUR,Kollapur,Revenue Ward No.11,295,231,
MAHABUBNAGAR,KOLLAPUR,Kollapur,Revenue Ward No.12,155,98,
MAHABUBNAGAR,KOLLAPUR,Kollapur,Revenue Ward No.13,148,89,
MAHABUBNAGAR,KOLLAPUR,Kollapur,Revenue Ward No.14,263,173,1
MAHABUBNAGAR,KOLLAPUR,Kollapur,Revenue Ward No.15,80,64,1
MAHABUBNAGAR,KOLLAPUR,Kollapur,Revenue Ward No.16,100,61,
MAHABUBNAGAR,KOLLAPUR,Kollapur,Revenue Ward No.17,284,245,2
MAHABUBNAGAR,KOLLAPUR,Kollapur,Revenue Ward No.18,242,211,
MAHABUBNAGAR,KOLLAPUR,Kollapur,Revenue Ward No.19,124,70,
MAHABUBNAGAR,KOLLAPUR,Kollapur,Revenue Ward No.2,192,131,2
MAHABUBNAGAR,KOLLAPUR,Kollapur,Revenue Ward No.20,195,124,1
MAHABUBNAGAR,KOLLAPUR,Kollapur,Revenue Ward No.21,1,,
MAHABUBNAGAR,KOLLAPUR,Kollapur,Revenue Ward No.27,1,,
MAHABUBNAGAR,KOLLAPUR,Kollapur,Revenue Ward No.3,359,218,1
MAHABUBNAGAR,KOLLAPUR,Kollapur,Revenue Ward No.4,264,176,3
MAHABUBNAGAR,KOLLAPUR,Kollapur,Revenue Ward No.5,279,169,1
MAHABUBNAGAR,KOLLAPUR,Kollapur,Revenue Ward No.6,265,164,3
MAHABUBNAGAR,KOLLAPUR,Kollapur,Revenue Ward No.7,122,66,
MAHABUBNAGAR,KOLLAPUR,Kollapur,Revenue Ward No.8,142,67,1
MAHABUBNAGAR,KOLLAPUR,Kollapur,Revenue Ward No.9,135,77,1
MAHABUBNAGAR,MAHBUBNAGAR,Mahabubnagar,Appanapally,420,223,1
MAHABUBNAGAR,MAHBUBNAGAR,Mahabubnagar,Bandameedipally village,831,479,5
MAHABUBNAGAR,MAHBUBNAGAR,Mahabubnagar,Boyapally Village,1047,716,2
MAHABUBNAGAR,MAHBUBNAGAR,Mahabubnagar,Chinnadarpally,934,639,4
MAHABUBNAGAR,MAHBUBNAGAR,Mahabubnagar,Christainpally Village,1434,582,7
MAHABUBNAGAR,MAHBUBNAGAR,Mahabubnagar,Doddalonipally Village,901,559,1
MAHABUBNAGAR,MAHBUBNAGAR,Mahabubnagar,Palkonda,517,301,5
MAHABUBNAGAR,MAHBUBNAGAR,Mahabubnagar,Revenue Ward No  2,516,236,1
MAHABUBNAGAR,MAHBUBNAGAR,Mahabubnagar,Revenue Ward No  3,2254,1102,2
MAHABUBNAGAR,MAHBUBNAGAR,Mahabubnagar,Revenue Ward No  4,1104,459,7
MAHABUBNAGAR,MAHBUBNAGAR,Mahabubnagar,Revenue Ward No  5,1954,961,6
MAHABUBNAGAR,MAHBUBNAGAR,Mahabubnagar,Revenue Ward No  6,1266,644,3
MAHABUBNAGAR,MAHBUBNAGAR,Mahabubnagar,Revenue Ward No  7,724,280,1
MAHABUBNAGAR,MAHBUBNAGAR,Mahabubnagar,Revenue Ward No  8,529,178,3
MAHABUBNAGAR,MAHBUBNAGAR,Mahabubnagar,Revenue Ward No 1,5889,2880,24
MAHABUBNAGAR,MAHBUBNAGAR,Mahabubnagar,Timmasanapally,410,249,1
MAHABUBNAGAR,MAHBUBNAGAR,Mahabubnagar,Yedira village,599,322,3
MAHABUBNAGAR,MAHBUBNAGAR,Mahabubnagar,Yenugonda,995,441,2
MAHABUBNAGAR,NAGARKURNOOL,Nagarkarnool,Revenue Ward No.1,106,62,2
MAHABUBNAGAR,NAGARKURNOOL,Nagarkarnool,Revenue Ward No.10,382,240,3
MAHABUBNAGAR,NAGARKURNOOL,Nagarkarnool,Revenue Ward No.11,202,104,
MAHABUBNAGAR,NAGARKURNOOL,Nagarkarnool,Revenue Ward No.12,198,92,
MAHABUBNAGAR,NAGARKURNOOL,Nagarkarnool,Revenue Ward No.13,222,136,
MAHABUBNAGAR,NAGARKURNOOL,Nagarkarnool,Revenue Ward No.14,43,11,
MAHABUBNAGAR,NAGARKURNOOL,Nagarkarnool,Revenue Ward No.15,122,55,
MAHABUBNAGAR,NAGARKURNOOL,Nagarkarnool,Revenue Ward No.16,240,132,1
MAHABUBNAGAR,NAGARKURNOOL,Nagarkarnool,Revenue Ward No.17,215,117,
MAHABUBNAGAR,NAGARKURNOOL,Nagarkarnool,Revenue Ward No.18,219,136,2
MAHABUBNAGAR,NAGARKURNOOL,Nagarkarnool,Revenue Ward No.19,87,32,1
MAHABUBNAGAR,NAGARKURNOOL,Nagarkarnool,Revenue Ward No.2,127,46,
MAHABUBNAGAR,NAGARKURNOOL,Nagarkarnool,Revenue Ward No.20,121,60,
MAHABUBNAGAR,NAGARKURNOOL,Nagarkarnool,Revenue Ward No.3,133,65,
MAHABUBNAGAR,NAGARKURNOOL,Nagarkarnool,Revenue Ward No.4,135,64,1
MAHABUBNAGAR,NAGARKURNOOL,Nagarkarnool,Revenue Ward No.5,114,53,
MAHABUBNAGAR,NAGARKURNOOL,Nagarkarnool,Revenue Ward No.6,74,36,1
MAHABUBNAGAR,NAGARKURNOOL,Nagarkarnool,Revenue Ward No.7,95,38,
MAHABUBNAGAR,NAGARKURNOOL,Nagarkarnool,Revenue Ward No.8,226,145,
MAHABUBNAGAR,NAGARKURNOOL,Nagarkarnool,Revenue Ward No.9,143,73,
MAHABUBNAGAR,NARAYANPET,Narayanpet,Revenue Ward No  1,336,197,
MAHABUBNAGAR,NARAYANPET,Narayanpet,Revenue Ward No  10,215,118,2
MAHABUBNAGAR,NARAYANPET,Narayanpet,Revenue Ward No  11,150,67,
MAHABUBNAGAR,NARAYANPET,Narayanpet,Revenue Ward No  12,244,143,1
MAHABUBNAGAR,NARAYANPET,Narayanpet,Revenue Ward No  2,405,202,
MAHABUBNAGAR,NARAYANPET,Narayanpet,Revenue Ward No  3,179,84,
MAHABUBNAGAR,NARAYANPET,Narayanpet,Revenue Ward No  4,228,125,1
MAHABUBNAGAR,NARAYANPET,Narayanpet,Revenue Ward No  5,287,176,1
MAHABUBNAGAR,NARAYANPET,Narayanpet,Revenue Ward No  6,237,150,
MAHABUBNAGAR,NARAYANPET,Narayanpet,Revenue Ward No  7,489,335,
MAHABUBNAGAR,NARAYANPET,Narayanpet,Revenue Ward No  8,508,316,1
MAHABUBNAGAR,NARAYANPET,Narayanpet,Revenue Ward No  9,203,117,1
MAHABUBNAGAR,NARAYANPET,Narayanpet,Revenue Ward No 17,287,189,1
MAHABUBNAGAR,NARAYANPET,Narayanpet,Revenue Ward No 18,115,62,
MAHABUBNAGAR,NARAYANPET,Narayanpet,Revenue Ward No 19,137,70,
MAHABUBNAGAR,NARAYANPET,Narayanpet,Revenue Ward No 20,177,110,
MAHABUBNAGAR,NARAYANPET,Narayanpet,Revenue Ward No 21,206,150,
MAHABUBNAGAR,NARAYANPET,Narayanpet,Revenue Ward No 22,334,238,1
MAHABUBNAGAR,NARAYANPET,Narayanpet,Revenue Ward No 23,352,220,
MAHABUBNAGAR,NARAYANPET,Narayanpet,Revenue Ward No: 15,306,170,
MAHABUBNAGAR,NARAYANPET,Narayanpet,Revenue Ward No: 16,325,212,1
MAHABUBNAGAR,NARAYANPET,Narayanpet,Revenue Ward No:14,507,341,3
MAHABUBNAGAR,NARAYANPET,Narayanpet,Revenue Wardno.13,236,154,
MAHABUBNAGAR,WANAPARTHY,Wanaparthy,Revenue Ward No  1,438,289,
MAHABUBNAGAR,WANAPARTHY,Wanaparthy,Revenue Ward No  10,200,79,1
MAHABUBNAGAR,WANAPARTHY,Wanaparthy,Revenue Ward No  11,274,142,2
MAHABUBNAGAR,WANAPARTHY,Wanaparthy,Revenue Ward No  12,142,47,1
MAHABUBNAGAR,WANAPARTHY,Wanaparthy,Revenue Ward No  13,414,223,2
MAHABUBNAGAR,WANAPARTHY,Wanaparthy,Revenue Ward No  14,283,127,2
MAHABUBNAGAR,WANAPARTHY,Wanaparthy,Revenue Ward No  15,168,75,
MAHABUBNAGAR,WANAPARTHY,Wanaparthy,Revenue Ward No  16,204,94,1
MAHABUBNAGAR,WANAPARTHY,Wanaparthy,Revenue Ward No  17,628,456,1
MAHABUBNAGAR,WANAPARTHY,Wanaparthy,Revenue Ward No  18,438,246,3
MAHABUBNAGAR,WANAPARTHY,Wanaparthy,Revenue Ward No  19,257,144,
MAHABUBNAGAR,WANAPARTHY,Wanaparthy,Revenue Ward No  2,256,132,1
MAHABUBNAGAR,WANAPARTHY,Wanaparthy,Revenue Ward No  20,233,101,1
MAHABUBNAGAR,WANAPARTHY,Wanaparthy,Revenue Ward No  3,343,166,1
MAHABUBNAGAR,WANAPARTHY,Wanaparthy,Revenue Ward No  4,585,390,
MAHABUBNAGAR,WANAPARTHY,Wanaparthy,Revenue Ward No  5,644,428,3
MAHABUBNAGAR,WANAPARTHY,Wanaparthy,Revenue Ward No  6,424,298,2
MAHABUBNAGAR,WANAPARTHY,Wanaparthy,Revenue Ward No  7,342,252,
MAHABUBNAGAR,WANAPARTHY,Wanaparthy,Revenue Ward No  8,242,141,
MAHABUBNAGAR,WANAPARTHY,Wanaparthy,Revenue Ward No  9,536,375,1
MAHABUBNAGAR,WANAPARTHY,Wanaparthy,Revenue Ward No 21,95,31,
MAHABUBNAGAR,WANAPARTHY,Wanaparthy,Revenue Ward No 22,78,18,1
MAHABUBNAGAR,WANAPARTHY,Wanaparthy,Revenue Ward No 23,106,44,
MAHABUBNAGAR,WANAPARTHY,Wanaparthy,Revenue Ward No 24,191,65,
MAHABUBNAGAR,WANAPARTHY,Wanaparthy,Revenue Ward No 25,122,40,2
MAHABUBNAGAR,WANAPARTHY,Wanaparthy,Revenue Ward No 26,385,213,1
MEDAK,ANDOLE,Andole-Jogipet,Revenue Ward No.1,171,80,
MEDAK,ANDOLE,Andole-Jogipet,Revenue Ward No.10,126,63,1
MEDAK,ANDOLE,Andole-Jogipet,Revenue Ward No.11,212,101,
MEDAK,ANDOLE,Andole-Jogipet,Revenue Ward No.12,249,124,3
MEDAK,ANDOLE,Andole-Jogipet,Revenue Ward No.13,146,80,
MEDAK,ANDOLE,Andole-Jogipet,Revenue Ward No.14,192,108,
MEDAK,ANDOLE,Andole-Jogipet,Revenue Ward No.15,159,81,
MEDAK,ANDOLE,Andole-Jogipet,Revenue Ward No.16,195,130,1
MEDAK,ANDOLE,Andole-Jogipet,Revenue Ward No.17,69,53,1
MEDAK,ANDOLE,Andole-Jogipet,Revenue Ward No.18,118,34,1
MEDAK,ANDOLE,Andole-Jogipet,Revenue Ward No.19,76,49,
MEDAK,ANDOLE,Andole-Jogipet,Revenue Ward No.2,131,80,1
MEDAK,ANDOLE,Andole-Jogipet,Revenue Ward No.20,120,60,
MEDAK,ANDOLE,Andole-Jogipet,Revenue Ward No.3,118,68,
MEDAK,ANDOLE,Andole-Jogipet,Revenue Ward No.4,153,95,1
MEDAK,ANDOLE,Andole-Jogipet,Revenue Ward No.5,186,98,
MEDAK,ANDOLE,Andole-Jogipet,Revenue Ward No.6,254,144,
MEDAK,ANDOLE,Andole-Jogipet,Revenue Ward No.7,206,97,2
MEDAK,ANDOLE,Andole-Jogipet,Revenue Ward No.8,66,40,
MEDAK,ANDOLE,Andole-Jogipet,Revenue Ward No.9,61,35,
MEDAK,CHEGUNTA,Chegunta,Revenue Ward No.1,850,333,3
MEDAK,CHEGUNTA,Chegunta,Revenue Ward No.10,180,120,
MEDAK,CHEGUNTA,Chegunta,Revenue Ward No.11,314,191,
MEDAK,CHEGUNTA,Chegunta,Revenue Ward No.2,247,147,
MEDAK,CHEGUNTA,Chegunta,Revenue Ward No.3,669,326,1
MEDAK,CHEGUNTA,Chegunta,Revenue Ward No.4,580,355,2
MEDAK,CHEGUNTA,Chegunta,Revenue Ward No.5,300,146,6
MEDAK,CHEGUNTA,Chegunta,Revenue Ward No.6,383,208,
MEDAK,CHEGUNTA,Chegunta,Revenue Ward No.7,408,278,
MEDAK,CHEGUNTA,Chegunta,Revenue Ward No.8,281,133,2
MEDAK,CHEGUNTA,Chegunta,Revenue Ward No.9,302,165,2
MEDAK,DUBBAK,Dubak,Revenue Ward No.1,1362,807,4
MEDAK,DUBBAK,Dubak,Revenue Ward No.10,184,79,1
MEDAK,DUBBAK,Dubak,Revenue Ward No.11,161,114,
MEDAK,DUBBAK,Dubak,Revenue Ward No.12,35,29,
MEDAK,DUBBAK,Dubak,Revenue Ward No.13,2,1,
MEDAK,DUBBAK,Dubak,Revenue Ward No.14,24,13,
MEDAK,DUBBAK,Dubak,Revenue Ward No.15,5,4,
MEDAK,DUBBAK,Dubak,Revenue Ward No.16,59,29,
MEDAK,DUBBAK,Dubak,Revenue Ward No.17,27,9,
MEDAK,DUBBAK,Dubak,Revenue Ward No.18,21,6,
MEDAK,DUBBAK,Dubak,Revenue Ward No.19,2,1,
MEDAK,DUBBAK,Dubak,Revenue Ward No.2,219,93,3
MEDAK,DUBBAK,Dubak,Revenue Ward No.23,1,1,
MEDAK,DUBBAK,Dubak,Revenue Ward No.24,1,1,
MEDAK,DUBBAK,Dubak,Revenue Ward No.25,1,1,
MEDAK,DUBBAK,Dubak,Revenue Ward No.3,129,60,1
MEDAK,DUBBAK,Dubak,Revenue Ward No.4,98,51,
MEDAK,DUBBAK,Dubak,Revenue Ward No.5,88,35,
MEDAK,DUBBAK,Dubak,Revenue Ward No.6,120,63,
MEDAK,DUBBAK,Dubak,Revenue Ward No.7,142,66,
MEDAK,DUBBAK,Dubak,Revenue Ward No.8,40,20,
MEDAK,DUBBAK,Dubak,Revenue Ward No.9,103,61,
MEDAK,GAJWEL,Gajwel,Revenue Ward No.1,512,328,1
MEDAK,GAJWEL,Gajwel,Revenue Ward No.10,139,49,
MEDAK,GAJWEL,Gajwel,Revenue Ward No.11,281,147,
MEDAK,GAJWEL,Gajwel,Revenue Ward No.12,283,164,
MEDAK,GAJWEL,Gajwel,Revenue Ward No.13,228,108,
MEDAK,GAJWEL,Gajwel,Revenue Ward No.14,214,97,2
MEDAK,GAJWEL,Gajwel,Revenue Ward No.15,126,51,1
MEDAK,GAJWEL,Gajwel,Revenue Ward No.16,154,95,
MEDAK,GAJWEL,Gajwel,Revenue Ward No.17,414,255,
MEDAK,GAJWEL,Gajwel,Revenue Ward No.18,151,92,1
MEDAK,GAJWEL,Gajwel,Revenue Ward No.2,393,191,
MEDAK,GAJWEL,Gajwel,Revenue Ward No.3,277,144,1
MEDAK,GAJWEL,Gajwel,Revenue Ward No.4,356,190,2
MEDAK,GAJWEL,Gajwel,Revenue Ward No.5,331,171,
MEDAK,GAJWEL,Gajwel,Revenue Ward No.6,286,150,
MEDAK,GAJWEL,Gajwel,Revenue Ward No.7,276,160,1
MEDAK,GAJWEL,Gajwel,Revenue Ward No.8,429,244,
MEDAK,GAJWEL,Gajwel,Revenue Ward No.9,497,307,2
MEDAK,MEDAK,Medak,Revenue ward 10,253,127,1
MEDAK,MEDAK,Medak,Revenue ward 11,395,242,2
MEDAK,MEDAK,Medak,Revenue ward 12,353,198,3
MEDAK,MEDAK,Medak,Revenue ward 13,411,215,1
MEDAK,MEDAK,Medak,Revenue ward 14,127,59,
MEDAK,MEDAK,Medak,Revenue ward 15,150,54,
MEDAK,MEDAK,Medak,Revenue ward 16,205,90,
MEDAK,MEDAK,Medak,Revenue ward 17,169,71,
MEDAK,MEDAK,Medak,Revenue ward 18,155,61,
MEDAK,MEDAK,Medak,Revenue ward 19,128,36,
MEDAK,MEDAK,Medak,Revenue ward 20,163,77,1
MEDAK,MEDAK,Medak,Revenue ward 21,289,136,3
MEDAK,MEDAK,Medak,Revenue ward 22,79,52,
MEDAK,MEDAK,Medak,Revenue ward 23,137,51,
MEDAK,MEDAK,Medak,Revenue ward 24,117,60,
MEDAK,MEDAK,Medak,Revenue ward 25,246,119,
MEDAK,MEDAK,Medak,Revenue ward 26,256,127,1
MEDAK,MEDAK,Medak,Revenue ward 27,306,196,2
MEDAK,MEDAK,Medak,Revenue ward 4,170,77,1
MEDAK,MEDAK,Medak,Revenue ward 5,196,95,
MEDAK,MEDAK,Medak,Revenue ward 6,214,70,
MEDAK,MEDAK,Medak,Revenue ward 7,177,79,
MEDAK,MEDAK,Medak,Revenue ward 8,215,120,2
MEDAK,MEDAK,Medak,Revenue ward 9,158,77,1
MEDAK,MEDAK,Medak,Revenue Ward No  1,141,38,1
MEDAK,MEDAK,Medak,Revenue Ward No  2,425,233,2
MEDAK,MEDAK,Medak,Revenue Ward No  3,245,107,2
MEDAK,SADASIVPET,Sadasivpet,Revenue Ward No  1,931,554,4
MEDAK,SADASIVPET,Sadasivpet,Revenue Ward No  2,379,257,1
MEDAK,SADASIVPET,Sadasivpet,Revenue Ward No  3,296,189,1
MEDAK,SADASIVPET,Sadasivpet,Revenue Ward No  4,696,411,
MEDAK,SADASIVPET,Sadasivpet,Revenue Ward No  5,311,157,1
MEDAK,SADASIVPET,Sadasivpet,Revenue Ward No  6,202,112,1
MEDAK,SADASIVPET,Sadasivpet,Revenue Ward No  7,303,152,1
MEDAK,SADASIVPET,Sadasivpet,Revenue Ward No  8,2699,1367,7
MEDAK,SANGAREDDY,Sangareddy,Revenue Ward No  1,1199,566,4
MEDAK,SANGAREDDY,Sangareddy,Revenue Ward No  2,485,227,3
MEDAK,SANGAREDDY,Sangareddy,Revenue Ward No  3,197,70,
MEDAK,SANGAREDDY,Sangareddy,Revenue Ward No  4,293,126,1
MEDAK,SANGAREDDY,Sangareddy,Revenue Ward No  5,166,79,2
MEDAK,SANGAREDDY,Sangareddy,Revenue Ward No  6,281,131,1
MEDAK,SANGAREDDY,Sangareddy,Revenue Ward No 10,547,257,
MEDAK,SANGAREDDY,Sangareddy,Revenue Ward No 11,163,39,2
MEDAK,SANGAREDDY,Sangareddy,Revenue Ward No 12,40,26,
MEDAK,SANGAREDDY,Sangareddy,Revenue Ward No 13,182,101,1
MEDAK,SANGAREDDY,Sangareddy,Revenue Ward No 14,115,88,
MEDAK,SANGAREDDY,Sangareddy,Revenue Ward No 15,91,55,
MEDAK,SANGAREDDY,Sangareddy,Revenue Ward No 16,187,124,1
MEDAK,SANGAREDDY,Sangareddy,Revenue Ward No 17,167,104,1
MEDAK,SANGAREDDY,Sangareddy,Revenue Ward No 18,182,65,1
MEDAK,SANGAREDDY,Sangareddy,Revenue Ward No 19,305,173,2
MEDAK,SANGAREDDY,Sangareddy,Revenue Ward No 20,92,35,
MEDAK,SANGAREDDY,Sangareddy,Revenue Ward No 21,315,209,1
MEDAK,SANGAREDDY,Sangareddy,Revenue Ward No 22,145,62,
MEDAK,SANGAREDDY,Sangareddy,Revenue Ward No 23,168,74,
MEDAK,SANGAREDDY,Sangareddy,Revenue Ward No 24,142,57,
MEDAK,SANGAREDDY,Sangareddy,Revenue Ward No 25,343,176,1
MEDAK,SANGAREDDY,Sangareddy,Revenue Ward No 26,96,51,1
MEDAK,SANGAREDDY,Sangareddy,Revenue Ward No 27,121,54,
MEDAK,SANGAREDDY,Sangareddy,Revenue Ward No 28,50,21,
MEDAK,SANGAREDDY,Sangareddy,Revenue Ward No 29,98,43,1
MEDAK,SANGAREDDY,Sangareddy,Revenue Ward No 30,27,11,1
MEDAK,SANGAREDDY,Sangareddy,Revenue Ward No 31,17,7,
MEDAK,SANGAREDDY,Sangareddy,Revenue Ward No 9,28,6,
MEDAK,SANGAREDDY,Sangareddy,Revenue Ward No.7,245,140,
MEDAK,SANGAREDDY,Sangareddy,Revinue Ward 8,270,135,
MEDAK,SIDDIPET,Siddipet,Revenue Ward No  1,518,246,2
MEDAK,SIDDIPET,Siddipet,Revenue Ward No  10,491,254,1
MEDAK,SIDDIPET,Siddipet,Revenue Ward No  11,577,324,1
MEDAK,SIDDIPET,Siddipet,Revenue Ward No  12,394,250,2
MEDAK,SIDDIPET,Siddipet,Revenue Ward No  2,422,162,
MEDAK,SIDDIPET,Siddipet,Revenue Ward No  3,301,135,
MEDAK,SIDDIPET,Siddipet,Revenue Ward No  4,237,81,2
MEDAK,SIDDIPET,Siddipet,Revenue Ward No  5,415,137,
MEDAK,SIDDIPET,Siddipet,Revenue Ward No  6,513,197,1
MEDAK,SIDDIPET,Siddipet,Revenue Ward No  7,589,281,1
MEDAK,SIDDIPET,Siddipet,Revenue Ward No  8,880,561,3
MEDAK,SIDDIPET,Siddipet,Revenue Ward No  9,639,312,5
MEDAK,SIDDIPET,Siddipet,Revenue Ward No 13,202,46,
MEDAK,SIDDIPET,Siddipet,Revenue Ward No 14,381,156,1
MEDAK,SIDDIPET,Siddipet,Revenue Ward No 15,315,119,1
MEDAK,SIDDIPET,Siddipet,Revenue Ward No 16,189,79,
MEDAK,SIDDIPET,Siddipet,Revenue Ward No 17,323,119,
MEDAK,SIDDIPET,Siddipet,Revenue Ward No 18,172,65,
MEDAK,SIDDIPET,Siddipet,Revenue Ward No 19,143,56,
MEDAK,SIDDIPET,Siddipet,Revenue Ward No 20,279,157,
MEDAK,SIDDIPET,Siddipet,Revenue Ward No 21,280,118,
MEDAK,SIDDIPET,Siddipet,Revenue Ward No 22,355,108,
MEDAK,SIDDIPET,Siddipet,Revenue Ward No 23,508,232,
MEDAK,SIDDIPET,Siddipet,Revenue Ward No 24,491,204,2
MEDAK,SIDDIPET,Siddipet,Revenue Ward No 25,515,210,1
MEDAK,SIDDIPET,Siddipet,Revenue Ward No 26,657,301,1
MEDAK,SIDDIPET,Siddipet,Revenue Ward No 27,521,267,1
MEDAK,SIDDIPET,Siddipet,Revenue Ward No 28,745,321,5
MEDAK,SIDDIPET,Siddipet,Revenue Ward No 29,763,457,3
MEDAK,SIDDIPET,Siddipet,Revenue Ward No 30,460,202,
MEDAK,SIDDIPET,Siddipet,Revenue Ward No 31,573,320,1
MEDAK,SIDDIPET,Siddipet,Revenue Ward No 32,291,110,3
MEDAK,SIDDIPET,Siddipet,Revenue Ward No 33,277,129,1
MEDAK,SIDDIPET,Siddipet,Revenue Ward No 34,510,301,1
MEDAK,ZAHIRABAD,Zaheerabad,Aryanagar,430,264,2
MEDAK,ZAHIRABAD,Zaheerabad,Other Villages,671,464,4
MEDAK,ZAHIRABAD,Zaheerabad,Reveenue Ward7,170,72,
MEDAK,ZAHIRABAD,Zaheerabad,Revenue Ward  6,518,353,
MEDAK,ZAHIRABAD,Zaheerabad,Revenue Ward No  1,597,401,
MEDAK,ZAHIRABAD,Zaheerabad,Revenue Ward No  2,808,561,2
MEDAK,ZAHIRABAD,Zaheerabad,Revenue Ward No  3,1059,843,8
MEDAK,ZAHIRABAD,Zaheerabad,Revenue Ward No  4,730,420,2
MEDAK,ZAHIRABAD,Zaheerabad,Revenue Ward No 5,1983,1397,9
NALGONDA,BHONGIR,Bhongir,Revenue Ward No  1,298,135,
NALGONDA,BHONGIR,Bhongir,Revenue Ward No  2,255,117,
NALGONDA,BHONGIR,Bhongir,Revenue Ward No  3,321,152,
NALGONDA,BHONGIR,Bhongir,Revenue Ward No  4,249,100,
NALGONDA,BHONGIR,Bhongir,Revenue Ward No  5,214,110,
NALGONDA,BHONGIR,Bhongir,Revenue Ward No  6,123,24,1
NALGONDA,BHONGIR,Bhongir,Revenue Ward No 10,129,49,1
NALGONDA,BHONGIR,Bhongir,Revenue Ward No 11,128,44,1
NALGONDA,BHONGIR,Bhongir,Revenue Ward No 12,287,141,1
NALGONDA,BHONGIR,Bhongir,Revenue Ward No 13,202,65,
NALGONDA,BHONGIR,Bhongir,Revenue Ward No 14,131,54,1
NALGONDA,BHONGIR,Bhongir,Revenue Ward No 15,193,91,
NALGONDA,BHONGIR,Bhongir,Revenue Ward No 16,315,171,
NALGONDA,BHONGIR,Bhongir,Revenue Ward No 17,157,73,
NALGONDA,BHONGIR,Bhongir,Revenue Ward No 18,106,31,
NALGONDA,BHONGIR,Bhongir,Revenue Ward No 19,125,59,
NALGONDA,BHONGIR,Bhongir,Revenue Ward No 20,108,81,1
NALGONDA,BHONGIR,Bhongir,Revenue Ward No 21,113,46,
NALGONDA,BHONGIR,Bhongir,Revenue Ward No 22,276,136,
NALGONDA,BHONGIR,Bhongir,Revenue Ward No 23,131,57,
NALGONDA,BHONGIR,Bhongir,Revenue Ward No 24,151,79,1
NALGONDA,BHONGIR,Bhongir,Revenue Ward No 25,336,192,
NALGONDA,BHONGIR,Bhongir,Revenue Ward No 26,406,259,
NALGONDA,BHONGIR,Bhongir,Revenue Ward No 27,118,51,
NALGONDA,BHONGIR,Bhongir,Revenue Ward No 28,67,16,
NALGONDA,BHONGIR,Bhongir,Revenue Ward No 29,169,82,
NALGONDA,BHONGIR,Bhongir,Revenue Ward No 30,309,124,1
NALGONDA,BHONGIR,Bhongir,Revenue Ward No 7,169,82,
NALGONDA,BHONGIR,Bhongir,Revenue Ward No 8,207,94,
NALGONDA,BHONGIR,Bhongir,Revenue Ward No 9,132,52,
NALGONDA,DEVARAKONDA,Devarakonda,Revenue Ward No.1,181,65,
NALGONDA,DEVARAKONDA,Devarakonda,Revenue Ward No.10,96,42,
NALGONDA,DEVARAKONDA,Devarakonda,Revenue Ward No.11,28,20,
NALGONDA,DEVARAKONDA,Devarakonda,Revenue Ward No.12,115,65,
NALGONDA,DEVARAKONDA,Devarakonda,Revenue Ward No.13,159,53,
NALGONDA,DEVARAKONDA,Devarakonda,Revenue Ward No.14,111,51,
NALGONDA,DEVARAKONDA,Devarakonda,Revenue Ward No.15,162,86,1
NALGONDA,DEVARAKONDA,Devarakonda,Revenue Ward No.16,224,103,
NALGONDA,DEVARAKONDA,Devarakonda,Revenue Ward No.17,110,38,
NALGONDA,DEVARAKONDA,Devarakonda,Revenue Ward No.18,145,46,
NALGONDA,DEVARAKONDA,Devarakonda,Revenue Ward No.19,180,71,
NALGONDA,DEVARAKONDA,Devarakonda,Revenue Ward No.2,125,51,2
NALGONDA,DEVARAKONDA,Devarakonda,Revenue Ward No.20,179,62,
NALGONDA,DEVARAKONDA,Devarakonda,Revenue Ward No.3,169,73,1
NALGONDA,DEVARAKONDA,Devarakonda,Revenue Ward No.4,224,125,1
NALGONDA,DEVARAKONDA,Devarakonda,Revenue Ward No.5,213,98,1
NALGONDA,DEVARAKONDA,Devarakonda,Revenue Ward No.6,113,40,1
NALGONDA,DEVARAKONDA,Devarakonda,Revenue Ward No.7,263,125,1
NALGONDA,DEVARAKONDA,Devarakonda,Revenue Ward No.8,285,180,2
NALGONDA,DEVARAKONDA,Devarakonda,Revenue Ward No.9,135,42,
NALGONDA,HUZURNAGAR,Huzurnagar,Revenue Ward No.1,404,246,
NALGONDA,HUZURNAGAR,Huzurnagar,Revenue Ward No.10,140,70,1
NALGONDA,HUZURNAGAR,Huzurnagar,Revenue Ward No.11,188,83,1
NALGONDA,HUZURNAGAR,Huzurnagar,Revenue Ward No.12,207,104,2
NALGONDA,HUZURNAGAR,Huzurnagar,Revenue Ward No.13,214,119,
NALGONDA,HUZURNAGAR,Huzurnagar,Revenue Ward No.14,73,28,
NALGONDA,HUZURNAGAR,Huzurnagar,Revenue Ward No.15,209,80,
NALGONDA,HUZURNAGAR,Huzurnagar,Revenue Ward No.16,150,79,
NALGONDA,HUZURNAGAR,Huzurnagar,Revenue Ward No.17,363,225,1
NALGONDA,HUZURNAGAR,Huzurnagar,Revenue Ward No.18,275,160,2
NALGONDA,HUZURNAGAR,Huzurnagar,Revenue Ward No.19,307,168,
NALGONDA,HUZURNAGAR,Huzurnagar,Revenue Ward No.2,117,43,
NALGONDA,HUZURNAGAR,Huzurnagar,Revenue Ward No.20,309,196,
NALGONDA,HUZURNAGAR,Huzurnagar,Revenue Ward No.3,269,152,
NALGONDA,HUZURNAGAR,Huzurnagar,Revenue Ward No.4,252,133,
NALGONDA,HUZURNAGAR,Huzurnagar,Revenue Ward No.5,389,220,
NALGONDA,HUZURNAGAR,Huzurnagar,Revenue Ward No.6,288,156,1
NALGONDA,HUZURNAGAR,Huzurnagar,Revenue Ward No.7,286,139,1
NALGONDA,HUZURNAGAR,Huzurnagar,Revenue Ward No.8,228,138,
NALGONDA,HUZURNAGAR,Huzurnagar,Revenue Ward No.9,432,247,2
NALGONDA,KODAD,Kodad,Revenue Ward No.1,125,62,
NALGONDA,KODAD,Kodad,Revenue Ward No.10,326,143,
NALGONDA,KODAD,Kodad,Revenue Ward No.11,443,192,1
NALGONDA,KODAD,Kodad,Revenue Ward No.12,125,61,
NALGONDA,KODAD,Kodad,Revenue Ward No.13,186,85,1
NALGONDA,KODAD,Kodad,Revenue Ward No.14,352,190,1
NALGONDA,KODAD,Kodad,Revenue Ward No.15,341,153,2
NALGONDA,KODAD,Kodad,Revenue Ward No.16,350,196,
NALGONDA,KODAD,Kodad,Revenue Ward No.17,170,74,
NALGONDA,KODAD,Kodad,Revenue Ward No.18,266,126,1
NALGONDA,KODAD,Kodad,Revenue Ward No.19,233,106,
NALGONDA,KODAD,Kodad,Revenue Ward No.2,102,38,
NALGONDA,KODAD,Kodad,Revenue Ward No.20,168,79,1
NALGONDA,KODAD,Kodad,Revenue Ward No.21,97,33,
NALGONDA,KODAD,Kodad,Revenue Ward No.22,143,76,
NALGONDA,KODAD,Kodad,Revenue Ward No.23,209,106,1
NALGONDA,KODAD,Kodad,Revenue Ward No.24,253,116,
NALGONDA,KODAD,Kodad,Revenue Ward No.25,222,108,
NALGONDA,KODAD,Kodad,Revenue Ward No.26,305,197,
NALGONDA,KODAD,Kodad,Revenue Ward No.27,188,101,1
NALGONDA,KODAD,Kodad,Revenue Ward No.28,128,51,
NALGONDA,KODAD,Kodad,Revenue Ward No.29,164,73,
NALGONDA,KODAD,Kodad,Revenue Ward No.3,123,60,
NALGONDA,KODAD,Kodad,Revenue Ward No.30,289,170,
NALGONDA,KODAD,Kodad,Revenue Ward No.4,602,360,1
NALGONDA,KODAD,Kodad,Revenue Ward No.5,244,110,1
NALGONDA,KODAD,Kodad,Revenue Ward No.6,222,111,4
NALGONDA,KODAD,Kodad,Revenue Ward No.7,138,61,
NALGONDA,KODAD,Kodad,Revenue Ward No.8,215,103,1
NALGONDA,KODAD,Kodad,Revenue Ward No.9,364,220,2
NALGONDA,MIRYALAGUDA,Miryalaguda,Revenue Ward No  1,382,204,
NALGONDA,MIRYALAGUDA,Miryalaguda,Revenue Ward No  2,711,393,2
NALGONDA,MIRYALAGUDA,Miryalaguda,Revenue Ward No  3,326,147,
NALGONDA,MIRYALAGUDA,Miryalaguda,Revenue Ward No  4,245,121,3
NALGONDA,MIRYALAGUDA,Miryalaguda,Revenue Ward No 10,252,90,1
NALGONDA,MIRYALAGUDA,Miryalaguda,Revenue Ward No 11,511,264,2
NALGONDA,MIRYALAGUDA,Miryalaguda,Revenue Ward No 12,321,172,
NALGONDA,MIRYALAGUDA,Miryalaguda,Revenue Ward No 13,174,57,
NALGONDA,MIRYALAGUDA,Miryalaguda,Revenue Ward No 14,109,41,
NALGONDA,MIRYALAGUDA,Miryalaguda,Revenue Ward No 15,268,111,1
NALGONDA,MIRYALAGUDA,Miryalaguda,Revenue Ward No 16,442,231,1
NALGONDA,MIRYALAGUDA,Miryalaguda,Revenue Ward No 17,211,102,
NALGONDA,MIRYALAGUDA,Miryalaguda,Revenue Ward No 18,658,399,3
NALGONDA,MIRYALAGUDA,Miryalaguda,Revenue Ward No 19,491,288,2
NALGONDA,MIRYALAGUDA,Miryalaguda,Revenue Ward No 20,455,260,3
NALGONDA,MIRYALAGUDA,Miryalaguda,Revenue Ward No 21,235,133,
NALGONDA,MIRYALAGUDA,Miryalaguda,Revenue Ward No 22,213,95,
NALGONDA,MIRYALAGUDA,Miryalaguda,Revenue Ward No 23,306,110,1
NALGONDA,MIRYALAGUDA,Miryalaguda,Revenue Ward No 24,183,75,2
NALGONDA,MIRYALAGUDA,Miryalaguda,Revenue Ward No 25,192,75,
NALGONDA,MIRYALAGUDA,Miryalaguda,Revenue Ward No 26,495,252,
NALGONDA,MIRYALAGUDA,Miryalaguda,Revenue Ward No 27,305,110,1
NALGONDA,MIRYALAGUDA,Miryalaguda,Revenue Ward No 28,226,67,
NALGONDA,MIRYALAGUDA,Miryalaguda,Revenue Ward No 29,267,118,1
NALGONDA,MIRYALAGUDA,Miryalaguda,Revenue Ward No 30,342,148,1
NALGONDA,MIRYALAGUDA,Miryalaguda,Revenue Ward No 31,212,80,
NALGONDA,MIRYALAGUDA,Miryalaguda,Revenue Ward No 32,377,175,3
NALGONDA,MIRYALAGUDA,Miryalaguda,Revenue Ward No 33,423,203,1
NALGONDA,MIRYALAGUDA,Miryalaguda,Revenue Ward No 34,343,173,3
NALGONDA,MIRYALAGUDA,Miryalaguda,Revenue Ward No 35,275,117,2
NALGONDA,MIRYALAGUDA,Miryalaguda,Revenue Ward No 36,495,257,5
NALGONDA,MIRYALAGUDA,Miryalaguda,Revenue Ward No 5,357,176,1
NALGONDA,MIRYALAGUDA,Miryalaguda,Revenue Ward No 6,466,186,
NALGONDA,MIRYALAGUDA,Miryalaguda,Revenue Ward No 7,267,112,
NALGONDA,MIRYALAGUDA,Miryalaguda,Revenue Ward No 8,452,223,3
NALGONDA,MIRYALAGUDA,Miryalaguda,Revenue Ward No 9,418,226,4
NALGONDA,NALGONDA,Nalgonda,Revenue Ward No  10,1000,493,
NALGONDA,NALGONDA,Nalgonda,Revenue Ward No  11,539,238,
NALGONDA,NALGONDA,Nalgonda,Revenue Ward No  2,565,291,3
NALGONDA,NALGONDA,Nalgonda,Revenue Ward No  3,529,182,1
NALGONDA,NALGONDA,Nalgonda,Revenue Ward No  4,253,70,
NALGONDA,NALGONDA,Nalgonda,Revenue Ward No  5,218,71,1
NALGONDA,NALGONDA,Nalgonda,Revenue Ward No  6,346,109,
NALGONDA,NALGONDA,Nalgonda,Revenue Ward No  7,379,154,
NALGONDA,NALGONDA,Nalgonda,Revenue Ward No  8,391,134,
NALGONDA,NALGONDA,Nalgonda,Revenue Ward No  9,375,134,
NALGONDA,NALGONDA,Nalgonda,Revenue Ward No 1,683,257,
NALGONDA,NALGONDA,Nalgonda,Revenue Ward No 12,547,288,2
NALGONDA,NALGONDA,Nalgonda,Revenue Ward No 13,611,302,1
NALGONDA,NALGONDA,Nalgonda,Revenue Ward No 14,185,47,1
NALGONDA,NALGONDA,Nalgonda,Revenue Ward No 15,420,158,1
NALGONDA,NALGONDA,Nalgonda,Revenue Ward No 16,243,70,1
NALGONDA,NALGONDA,Nalgonda,Revenue Ward No 17,200,81,
NALGONDA,NALGONDA,Nalgonda,Revenue Ward No 18,237,97,1
NALGONDA,NALGONDA,Nalgonda,Revenue Ward No 19,223,92,
NALGONDA,NALGONDA,Nalgonda,Revenue Ward No 20,246,74,1
NALGONDA,NALGONDA,Nalgonda,Revenue Ward No 21,277,111,2
NALGONDA,NALGONDA,Nalgonda,Revenue Ward No 22,302,110,1
NALGONDA,NALGONDA,Nalgonda,Revenue Ward No 23,229,94,
NALGONDA,NALGONDA,Nalgonda,Revenue Ward No 24,506,221,3
NALGONDA,NALGONDA,Nalgonda,Revenue Ward No 25,674,337,2
NALGONDA,NALGONDA,Nalgonda,Revenue Ward No 26,371,161,
NALGONDA,NALGONDA,Nalgonda,Revenue Ward No 27,831,516,1
NALGONDA,NALGONDA,Nalgonda,Revenue Ward No 28,280,91,2
NALGONDA,NALGONDA,Nalgonda,Revenue Ward No 29,619,328,1
NALGONDA,NALGONDA,Nalgonda,Revenue Ward No 30,437,197,
NALGONDA,NALGONDA,Nalgonda,Revenue Ward No 31,292,140,2
NALGONDA,NALGONDA,Nalgonda,Revenue Ward No 32,320,152,1
NALGONDA,NALGONDA,Nalgonda,Revenue Ward No 33,318,111,
NALGONDA,NALGONDA,Nalgonda,Revenue Ward No 34,435,214,5
NALGONDA,NALGONDA,Nalgonda,Revenue Ward No 35,366,139,1
NALGONDA,NALGONDA,Nalgonda,Revenue Ward No 36,278,119,
NALGONDA,NALGONDA,Nalgonda,Revenue Ward No 37,172,53,
NALGONDA,NALGONDA,Nalgonda,Revenue Ward No 38,219,88,1
NALGONDA,NALGONDA,Nalgonda,Revenue Ward No 39,283,104,
NALGONDA,NALGONDA,Nalgonda,Revenue Ward No 40,811,415,2
NALGONDA,SURYAPET,Suryapet,Revenue Ward No  2,197,81,1
NALGONDA,SURYAPET,Suryapet,Revenue Ward No  3,402,139,
NALGONDA,SURYAPET,Suryapet,Revenue Ward No  4,190,53,
NALGONDA,SURYAPET,Suryapet,Revenue Ward No 1,493,185,
NALGONDA,SURYAPET,Suryapet,Revenue Ward No 10,281,108,
NALGONDA,SURYAPET,Suryapet,Revenue Ward No 11,204,69,1
NALGONDA,SURYAPET,Suryapet,Revenue Ward No 12,421,181,1
NALGONDA,SURYAPET,Suryapet,Revenue Ward No 13,595,338,4
NALGONDA,SURYAPET,Suryapet,Revenue Ward No 14,262,99,1
NALGONDA,SURYAPET,Suryapet,Revenue Ward No 15,249,100,1
NALGONDA,SURYAPET,Suryapet,Revenue Ward No 16,240,85,
NALGONDA,SURYAPET,Suryapet,Revenue Ward No 17,467,229,1
NALGONDA,SURYAPET,Suryapet,Revenue Ward No 18,125,48,2
NALGONDA,SURYAPET,Suryapet,Revenue Ward No 19,306,100,
NALGONDA,SURYAPET,Suryapet,Revenue Ward No 20,366,198,2
NALGONDA,SURYAPET,Suryapet,Revenue Ward No 21,252,112,3
NALGONDA,SURYAPET,Suryapet,Revenue Ward No 22,808,436,5
NALGONDA,SURYAPET,Suryapet,Revenue Ward No 23,370,205,
NALGONDA,SURYAPET,Suryapet,Revenue Ward No 24,152,44,
NALGONDA,SURYAPET,Suryapet,Revenue Ward No 25,222,78,
NALGONDA,SURYAPET,Suryapet,Revenue Ward No 26,308,154,1
NALGONDA,SURYAPET,Suryapet,Revenue Ward No 27,327,172,
NALGONDA,SURYAPET,Suryapet,Revenue Ward No 28,416,230,1
NALGONDA,SURYAPET,Suryapet,Revenue Ward No 29,245,110,1
NALGONDA,SURYAPET,Suryapet,Revenue Ward No 30,144,67,1
NALGONDA,SURYAPET,Suryapet,Revenue Ward No 31,179,70,
NALGONDA,SURYAPET,Suryapet,Revenue Ward No 32,105,35,
NALGONDA,SURYAPET,Suryapet,Revenue Ward No 33,254,104,
NALGONDA,SURYAPET,Suryapet,Revenue Ward No 34,186,79,
NALGONDA,SURYAPET,Suryapet,Revenue Ward No 5,162,64,
NALGONDA,SURYAPET,Suryapet,Revenue Ward No 6,67,24,
NALGONDA,SURYAPET,Suryapet,Revenue Ward No 7,286,110,4
NALGONDA,SURYAPET,Suryapet,Revenue Ward No 8,472,216,1
NALGONDA,SURYAPET,Suryapet,Revenue Ward No 9,229,85,
Nizamabad(U),Armoor,Zone-I,Ward-1,295,182,
Nizamabad(U),Armoor,Zone-I,Ward-2,396,199,1
Nizamabad(U),Armoor,Zone-I,Ward-3,447,251,
Nizamabad(U),Armoor,Zone-I,Ward-4,315,151,
Nizamabad(U),Armoor,Zone-II,Ward-5,323,132,
Nizamabad(U),Armoor,Zone-II,Ward-6,256,120,1
Nizamabad(U),Armoor,Zone-II,Ward-7,237,105,1
Nizamabad(U),Armoor,Zone-II,Ward-8,477,307,
Nizamabad(U),Armoor,Zone-II,Ward-9,123,46,
Nizamabad(U),Armoor,Zone-III,Ward-10,303,114,1
Nizamabad(U),Armoor,Zone-III,Ward-11,390,146,3
Nizamabad(U),Armoor,Zone-III,Ward-12,365,153,
Nizamabad(U),Armoor,Zone-III,Ward-13,526,228,
Nizamabad(U),Armoor,Zone-III,Ward-14,248,87,
Nizamabad(U),Armoor,Zone-III,Ward-15,222,79,1
Nizamabad(U),Armoor,Zone-IV,Ward-16,273,115,
Nizamabad(U),Armoor,Zone-IV,Ward-17,320,123,
Nizamabad(U),Armoor,Zone-IV,Ward-18,437,192,
Nizamabad(U),Armoor,Zone-IV,Ward-19,225,90,1
Nizamabad(U),Armoor,Zone-V,Ward-20,184,87,
Nizamabad(U),Armoor,Zone-V,Ward-21,375,237,
Nizamabad(U),Armoor,Zone-V,Ward-22,197,59,2
Nizamabad(U),Armoor,Zone-V,Ward-23,265,163,4
Nizamabad(U),Bodhan,Zone-I,Ward-1,280,238,
Nizamabad(U),Bodhan,Zone-I,Ward-2,305,322,
Nizamabad(U),Bodhan,Zone-I,Ward-34,601,359,
Nizamabad(U),Bodhan,Zone-I,Ward-35,496,428,1
Nizamabad(U),Bodhan,Zone-I,Ward-8,535,341,4
Nizamabad(U),Bodhan,Zone-II,Ward-3,210,138,
Nizamabad(U),Bodhan,Zone-II,Ward-4,161,90,
Nizamabad(U),Bodhan,Zone-II,Ward-5,201,136,
Nizamabad(U),Bodhan,Zone-II,Ward-6,395,238,2
Nizamabad(U),Bodhan,Zone-II,Ward-7,440,296,1
Nizamabad(U),Bodhan,Zone-III,Ward-10,345,255,1
Nizamabad(U),Bodhan,Zone-III,Ward-11,477,417,1
Nizamabad(U),Bodhan,Zone-III,Ward-12,650,540,1
Nizamabad(U),Bodhan,Zone-III,Ward-13,580,435,
Nizamabad(U),Bodhan,Zone-III,Ward-14,425,255,
Nizamabad(U),Bodhan,Zone-III,Ward-9,483,443,2
Nizamabad(U),Bodhan,Zone-IV,Ward-15,316,236,1
Nizamabad(U),Bodhan,Zone-IV,Ward-16,305,193,
Nizamabad(U),Bodhan,Zone-IV,Ward-17,354,308,
Nizamabad(U),Bodhan,Zone-IV,Ward-18,166,91,
Nizamabad(U),Bodhan,Zone-IV,Ward-19,177,110,
Nizamabad(U),Bodhan,Zone-IV,Ward-20,554,544,
Nizamabad(U),Bodhan,Zone-V,Ward-21,337,289,
Nizamabad(U),Bodhan,Zone-V,Ward-22,609,397,3
Nizamabad(U),Bodhan,Zone-V,Ward-23,373,209,1
Nizamabad(U),Bodhan,Zone-V,Ward-24,460,418,1
Nizamabad(U),Bodhan,Zone-V,Ward-25,391,306,
Nizamabad(U),Bodhan,Zone-V,Ward-26,647,550,
Nizamabad(U),Bodhan,Zone-V,Ward-27,433,363,2
Nizamabad(U),Bodhan,Zone-VI,Ward-28,470,321,
Nizamabad(U),Bodhan,Zone-VI,Ward-29,271,178,
Nizamabad(U),Bodhan,Zone-VI,Ward-30,293,210,
Nizamabad(U),Bodhan,Zone-VI,Ward-31,368,229,2
Nizamabad(U),Bodhan,Zone-VI,Ward-32,314,232,1
Nizamabad(U),Bodhan,Zone-VI,Ward-33,374,326,
Nizamabad(U),Kama Reddy,Zone-I,Ward-10,116,51,
Nizamabad(U),Kama Reddy,Zone-I,Ward-11,81,41,
Nizamabad(U),Kama Reddy,Zone-I,Ward-12,212,90,
Nizamabad(U),Kama Reddy,Zone-I,Ward-13,260,109,1
Nizamabad(U),Kama Reddy,Zone-I,Ward-14,225,88,1
Nizamabad(U),Kama Reddy,Zone-I,Ward-15,239,85,
Nizamabad(U),Kama Reddy,Zone-I,Ward-16,312,118,2
Nizamabad(U),Kama Reddy,Zone-I,Ward-19,576,354,2
Nizamabad(U),Kama Reddy,Zone-I,Ward-21,221,112,
Nizamabad(U),Kama Reddy,Zone-I,Ward-4,233,110,
Nizamabad(U),Kama Reddy,Zone-I,Ward-9,342,146,2
Nizamabad(U),Kama Reddy,Zone-II,Ward-1,600,307,4
Nizamabad(U),Kama Reddy,Zone-II,Ward-2,232,115,1
Nizamabad(U),Kama Reddy,Zone-II,Ward-3,201,103,
Nizamabad(U),Kama Reddy,Zone-II,Ward-5,589,350,1
Nizamabad(U),Kama Reddy,Zone-II,Ward-6,528,273,3
Nizamabad(U),Kama Reddy,Zone-II,Ward-7,683,441,
Nizamabad(U),Kama Reddy,Zone-II,Ward-8,620,405,1
Nizamabad(U),Kama Reddy,Zone-III,NULL,1,,
Nizamabad(U),Kama Reddy,Zone-III,Ward-24,483,235,1
Nizamabad(U),Kama Reddy,Zone-III,Ward-25,288,150,1
Nizamabad(U),Kama Reddy,Zone-III,Ward-26,225,125,
Nizamabad(U),Kama Reddy,Zone-III,Ward-27,234,99,1
Nizamabad(U),Kama Reddy,Zone-III,Ward-28,181,92,
Nizamabad(U),Kama Reddy,Zone-III,Ward-29,146,45,
Nizamabad(U),Kama Reddy,Zone-III,Ward-30,251,132,1
Nizamabad(U),Kama Reddy,Zone-III,Ward-31,277,126,
Nizamabad(U),Kama Reddy,Zone-III,Ward-32,369,178,2
Nizamabad(U),Kama Reddy,Zone-III,Ward-33,450,221,
Nizamabad(U),Kama Reddy,Zone-IV,Ward-17,489,263,
Nizamabad(U),Kama Reddy,Zone-IV,Ward-18,364,192,1
Nizamabad(U),Kama Reddy,Zone-IV,Ward-20,287,161,1
Nizamabad(U),Kama Reddy,Zone-IV,Ward-22,284,144,1
Nizamabad(U),Kama Reddy,Zone-IV,Ward-23,283,146,1
Nizamabad(U),Nizamabad,Zone-I,Ward-6,8146,3918,18
Nizamabad(U),Nizamabad,Zone-II,Ward-1,3557,1833,6
Nizamabad(U),Nizamabad,Zone-II,Ward-2,1162,510,1
Nizamabad(U),Nizamabad,Zone-II,Ward-3,3684,1313,9
Nizamabad(U),Nizamabad,Zone-II,Ward-4,422,179,2
Nizamabad(U),Nizamabad,Zone-III,Ward-10,3110,1465,4
Nizamabad(U),Nizamabad,Zone-III,Ward-4,546,259,
Nizamabad(U),Nizamabad,Zone-III,Ward-8,570,459,1
Nizamabad(U),Nizamabad,Zone-III,Ward-9,2581,1800,6
Nizamabad(U),Nizamabad,Zone-IV,Ward-11,3419,1838,7
Nizamabad(U),Nizamabad,Zone-IV,Ward-5,1996,845,4
Nizamabad(U),Nizamabad,Zone-IV,Ward-6,553,293,
Nizamabad(U),Nizamabad,Zone-IV,Ward-7,1184,624,
Nizamabad(U),Nizamabad,Zone-V,Ward-10,5192,3838,10
Nizamabad(U),Nizamabad,Zone-V,Ward-12,1164,661,2
Nizamabad(U),Nizamabad,Zone-V,Ward-6,1595,1318,5
Nizamabad(U),Nizamabad,Zone-V,Ward-7,1313,1044,3
Nizamabad(U),Nizamabad,Zone-V,Ward-9,7261,5949,33
RANGA REDDY,Ranga Reddy(U),Alwal,Alwal-SC,4432,2293,15
RANGA REDDY,Ranga Reddy(U),Alwal,Macha Bollaram,4925,2714,15
RANGA REDDY,Ranga Reddy(U),Alwal,Yapral-SC,2161,1114,9
RANGA REDDY,Ranga Reddy(U),Kapra,4- Ammuguda (Part),858,449,5
RANGA REDDY,Ranga Reddy(U),Kapra,Cherlapalli,5151,3236,9
RANGA REDDY,Ranga Reddy(U),Kapra,Kapra,4843,2953,17
RANGA REDDY,Ranga Reddy(U),Kapra,Mallapur,4701,2863,13
RANGA REDDY,Ranga Reddy(U),Kapra,Nacharam,5365,3409,13
RANGA REDDY,Ranga Reddy(U),Kukatpally,Fathe Nagar,5198,3801,39
RANGA REDDY,Ranga Reddy(U),Kukatpally,Hydernagar,6888,4568,17
RANGA REDDY,Ranga Reddy(U),Kukatpally,KPHB Colony,3296,1701,11
RANGA REDDY,Ranga Reddy(U),Kukatpally,Kukatpally,3871,2593,10
RANGA REDDY,Ranga Reddy(U),Kukatpally,Moosapet,8126,6130,27
RANGA REDDY,Ranga Reddy(U),Kukatpally,Mothinagar,8346,6237,30
RANGA REDDY,Ranga Reddy(U),Kukatpally,Old Bowenpally,6504,4287,14
RANGA REDDY,Ranga Reddy(U),Kukatpally,Vivekananda Nagar Colony,5683,3401,13
RANGA REDDY,Ranga Reddy(U),L B Nagar,Champapet,4506,2560,15
RANGA REDDY,Ranga Reddy(U),L B Nagar,Gaddiannaram,1647,791,4
RANGA REDDY,Ranga Reddy(U),L B Nagar,Hayathnagar,5321,3146,23
RANGA REDDY,Ranga Reddy(U),L B Nagar,Karmanghat,5961,3488,11
RANGA REDDY,Ranga Reddy(U),L B Nagar,Kothapet,4825,2675,24
RANGA REDDY,Ranga Reddy(U),L B Nagar,Mansoorabad,4667,2794,22
RANGA REDDY,Ranga Reddy(U),L B Nagar,P&T Colony,1657,754,3
RANGA REDDY,Ranga Reddy(U),L B Nagar,Rama Krishna Puram,2808,1690,5
RANGA REDDY,Ranga Reddy(U),L B Nagar,Saroornagar,4164,2412,14
RANGA REDDY,Ranga Reddy(U),L B Nagar,Vansathalipuram,1808,868,4
RANGA REDDY,Ranga Reddy(U),Malkajigiri,Defence Colony,3757,2197,17
RANGA REDDY,Ranga Reddy(U),Malkajigiri,Gautham Nagar,3470,1683,8
RANGA REDDY,Ranga Reddy(U),Malkajigiri,Moula Ali,5459,3417,19
RANGA REDDY,Ranga Reddy(U),Malkajigiri,Old Malkajgiri,3867,2072,5
RANGA REDDY,Ranga Reddy(U),Malkajigiri,Safilguda,3379,1714,15
RANGA REDDY,Ranga Reddy(U),Qutbullapur,Chintal,3638,2218,9
RANGA REDDY,Ranga Reddy(U),Qutbullapur,Gajula Ramaram,9022,6778,24
RANGA REDDY,Ranga Reddy(U),Qutbullapur,Jagadgiri gutta,6950,4628,24
RANGA REDDY,Ranga Reddy(U),Qutbullapur,Jeedimetla,5711,3465,26
RANGA REDDY,Ranga Reddy(U),Qutbullapur,Qutubullapur,5579,3441,23
RANGA REDDY,Ranga Reddy(U),Qutbullapur,Shapur Nagar,5495,3669,18
RANGA REDDY,Ranga Reddy(U),Qutbullapur,Suraram Colony,7675,5090,26
RANGA REDDY,Ranga Reddy(U),Rajendra Nagar,Attapur,9871,8813,28
RANGA REDDY,Ranga Reddy(U),Rajendra Nagar,Mylardevpally,7153,5043,31
RANGA REDDY,Ranga Reddy(U),Rajendra Nagar,Rajendra Nagar,7116,4942,23
RANGA REDDY,Ranga Reddy(U),Rajendra Nagar,Shivarampally,7299,6585,21
RANGA REDDY,Ranga Reddy(U),Secunderabad,Addagutta,4069,2516,16
RANGA REDDY,Ranga Reddy(U),Secunderabad,Tarnaka,3958,2363,12
RANGA REDDY,Ranga Reddy(U),Serilingampally-1,Gachibowli,5545,3656,19
RANGA REDDY,Ranga Reddy(U),Serilingampally-1,Serilingampally,11271,7815,40
RANGA REDDY,Ranga Reddy(U),Serilingampally-2,Chanda Nagar,7451,4876,21
RANGA REDDY,Ranga Reddy(U),Serilingampally-2,Hafeezpet,8359,6055,21
RANGA REDDY,Ranga Reddy(U),Uppal,Habsiguda,3420,2043,9
RANGA REDDY,Ranga Reddy(U),Uppal,Ramanthapur,5478,3328,19
RANGA REDDY,Ranga Reddy(U),Uppal,Uppal,7935,4686,31
RANGA REDDY,HAYATHNAGAR,Pedd Amberpet,Revenue Ward No.1,329,233,
RANGA REDDY,HAYATHNAGAR,Pedd Amberpet,Revenue Ward No.10,209,109,
RANGA REDDY,HAYATHNAGAR,Pedd Amberpet,Revenue Ward No.11,172,71,
RANGA REDDY,HAYATHNAGAR,Pedd Amberpet,Revenue Ward No.12,100,46,1
RANGA REDDY,HAYATHNAGAR,Pedd Amberpet,Revenue Ward No.13,311,239,1
RANGA REDDY,HAYATHNAGAR,Pedd Amberpet,Revenue Ward No.14,219,126,
RANGA REDDY,HAYATHNAGAR,Pedd Amberpet,Revenue Ward No.15,266,170,
RANGA REDDY,HAYATHNAGAR,Pedd Amberpet,Revenue Ward No.16,157,57,1
RANGA REDDY,HAYATHNAGAR,Pedd Amberpet,Revenue Ward No.17,309,182,
RANGA REDDY,HAYATHNAGAR,Pedd Amberpet,Revenue Ward No.18,340,261,1
RANGA REDDY,HAYATHNAGAR,Pedd Amberpet,Revenue Ward No.19,504,357,
RANGA REDDY,HAYATHNAGAR,Pedd Amberpet,Revenue Ward No.2,303,191,
RANGA REDDY,HAYATHNAGAR,Pedd Amberpet,Revenue Ward No.20,169,112,2
RANGA REDDY,HAYATHNAGAR,Pedd Amberpet,Revenue Ward No.3,431,267,1
RANGA REDDY,HAYATHNAGAR,Pedd Amberpet,Revenue Ward No.4,243,157,
RANGA REDDY,HAYATHNAGAR,Pedd Amberpet,Revenue Ward No.5,306,201,1
RANGA REDDY,HAYATHNAGAR,Pedd Amberpet,Revenue Ward No.6,179,110,
RANGA REDDY,HAYATHNAGAR,Pedd Amberpet,Revenue Ward No.7,195,114,
RANGA REDDY,HAYATHNAGAR,Pedd Amberpet,Revenue Ward No.8,301,173,1
RANGA REDDY,HAYATHNAGAR,Pedd Amberpet,Revenue Ward No.9,239,172,1
RANGA REDDY,IBRAHIMPATNAM,Ibrahimpatnam,Revenue Ward No.1,186,123,1
RANGA REDDY,IBRAHIMPATNAM,Ibrahimpatnam,Revenue Ward No.10,276,173,
RANGA REDDY,IBRAHIMPATNAM,Ibrahimpatnam,Revenue Ward No.11,192,96,
RANGA REDDY,IBRAHIMPATNAM,Ibrahimpatnam,Revenue Ward No.12,146,94,
RANGA REDDY,IBRAHIMPATNAM,Ibrahimpatnam,Revenue Ward No.13,63,27,
RANGA REDDY,IBRAHIMPATNAM,Ibrahimpatnam,Revenue Ward No.14,13,6,
RANGA REDDY,IBRAHIMPATNAM,Ibrahimpatnam,Revenue Ward No.15,15,8,1
RANGA REDDY,IBRAHIMPATNAM,Ibrahimpatnam,Revenue Ward No.16,30,22,
RANGA REDDY,IBRAHIMPATNAM,Ibrahimpatnam,Revenue Ward No.17,549,342,4
RANGA REDDY,IBRAHIMPATNAM,Ibrahimpatnam,Revenue Ward No.18,31,19,1
RANGA REDDY,IBRAHIMPATNAM,Ibrahimpatnam,Revenue Ward No.19,68,46,
RANGA REDDY,IBRAHIMPATNAM,Ibrahimpatnam,Revenue Ward No.2,192,118,
RANGA REDDY,IBRAHIMPATNAM,Ibrahimpatnam,Revenue Ward No.20,204,111,
RANGA REDDY,IBRAHIMPATNAM,Ibrahimpatnam,Revenue Ward No.3,106,57,
RANGA REDDY,IBRAHIMPATNAM,Ibrahimpatnam,Revenue Ward No.4,241,166,
RANGA REDDY,IBRAHIMPATNAM,Ibrahimpatnam,Revenue Ward No.5,567,305,2
RANGA REDDY,IBRAHIMPATNAM,Ibrahimpatnam,Revenue Ward No.6,162,93,1
RANGA REDDY,IBRAHIMPATNAM,Ibrahimpatnam,Revenue Ward No.7,384,221,1
RANGA REDDY,IBRAHIMPATNAM,Ibrahimpatnam,Revenue Ward No.8,264,174,1
RANGA REDDY,IBRAHIMPATNAM,Ibrahimpatnam,Revenue Ward No.9,121,66,
RANGA REDDY,MEDCHAL,Medchal,Revenue Ward No.1,228,121,
RANGA REDDY,MEDCHAL,Medchal,Revenue Ward No.10,222,113,
RANGA REDDY,MEDCHAL,Medchal,Revenue Ward No.11,198,107,1
RANGA REDDY,MEDCHAL,Medchal,Revenue Ward No.12,201,91,1
RANGA REDDY,MEDCHAL,Medchal,Revenue Ward No.13,197,126,
RANGA REDDY,MEDCHAL,Medchal,Revenue Ward No.14,315,177,
RANGA REDDY,MEDCHAL,Medchal,Revenue Ward No.15,233,112,
RANGA REDDY,MEDCHAL,Medchal,Revenue Ward No.16,151,70,
RANGA REDDY,MEDCHAL,Medchal,Revenue Ward No.17,200,94,1
RANGA REDDY,MEDCHAL,Medchal,Revenue Ward No.18,228,144,
RANGA REDDY,MEDCHAL,Medchal,Revenue Ward No.19,171,87,
RANGA REDDY,MEDCHAL,Medchal,Revenue Ward No.2,242,118,
RANGA REDDY,MEDCHAL,Medchal,Revenue Ward No.20,160,79,
RANGA REDDY,MEDCHAL,Medchal,Revenue Ward No.3,266,132,1
RANGA REDDY,MEDCHAL,Medchal,Revenue Ward No.4,344,208,
RANGA REDDY,MEDCHAL,Medchal,Revenue Ward No.5,180,99,2
RANGA REDDY,MEDCHAL,Medchal,Revenue Ward No.6,273,173,1
RANGA REDDY,MEDCHAL,Medchal,Revenue Ward No.7,289,178,1
RANGA REDDY,MEDCHAL,Medchal,Revenue Ward No.8,292,154,
RANGA REDDY,MEDCHAL,Medchal,Revenue Ward No.9,435,336,
RANGA REDDY,SAROORNAGAR,Badangpet,Almasguda-7,785,450,7
RANGA REDDY,SAROORNAGAR,Badangpet,Almasguda-8,298,170,3
RANGA REDDY,SAROORNAGAR,Badangpet,Almasguda-9,271,147,
RANGA REDDY,SAROORNAGAR,Badangpet,Balapur Part,1152,588,3
RANGA REDDY,SAROORNAGAR,Badangpet,Bandangpet-2,1195,711,10
RANGA REDDY,SAROORNAGAR,Badangpet,Bandangpet-3,423,257,3
RANGA REDDY,SAROORNAGAR,Badangpet,Bandangpet-4,487,299,
RANGA REDDY,SAROORNAGAR,Badangpet,Bandangpet-5,534,312,1
RANGA REDDY,SAROORNAGAR,Badangpet,Bandangpet-6,309,191,2
RANGA REDDY,SAROORNAGAR,Badangpet,Gurramguda,547,344,
RANGA REDDY,SAROORNAGAR,Badangpet,Kurmalguda,208,142,1
RANGA REDDY,SAROORNAGAR,Badangpet,Mamidipally-15,676,490,2
RANGA REDDY,SAROORNAGAR,Badangpet,Mamidipally-16,297,225,
RANGA REDDY,SAROORNAGAR,Badangpet,Nadergul ,1636,1017,6
RANGA REDDY,SAROORNAGAR,Badangpet,Venkatapur ,593,418,
RANGA REDDY,SAROORNAGAR,Badangpet,Venkatapur Part & Balapur Part ,439,287,1
RANGA REDDY,TANDUR,Tandur,Revenue Ward No  4,489,245,2
RANGA REDDY,TANDUR,Tandur,Revenue Ward No  5,754,513,1
RANGA REDDY,TANDUR,Tandur,Revenue Ward No  6,681,442,1
RANGA REDDY,TANDUR,Tandur,Revenue Ward No  7,338,229,2
RANGA REDDY,TANDUR,Tandur,Revenue Ward No  8,2154,1345,11
RANGA REDDY,TANDUR,Tandur,Revenue Ward No 1,2751,1763,10
RANGA REDDY,TANDUR,Tandur,Revenue Ward No 2,1449,925,6
RANGA REDDY,TANDUR,Tandur,Revenue Ward No 3,238,130,2
RANGA REDDY,VICARABAD,Vikarabad,Revenue Ward No  1,396,212,1
RANGA REDDY,VICARABAD,Vikarabad,Revenue Ward No  2,554,351,3
RANGA REDDY,VICARABAD,Vikarabad,Revenue Ward No  3,374,184,1
RANGA REDDY,VICARABAD,Vikarabad,Revenue Ward No  4,4290,2087,8
RANGA REDDY,VICARABAD,Vikarabad,Revenue Ward No  5,358,216,
RANGA REDDY,VICARABAD,Vikarabad,Revenue Ward No  6,37,18,
RANGA REDDY,VICARABAD,Vikarabad,Revenue Ward No  7,590,258,1
WARANGAL,BHUPALPALLE,Bhupalapally,Revenue Ward No.1,395,250,2
WARANGAL,BHUPALPALLE,Bhupalapally,Revenue Ward No.10,161,119,
WARANGAL,BHUPALPALLE,Bhupalapally,Revenue Ward No.11,178,120,
WARANGAL,BHUPALPALLE,Bhupalapally,Revenue Ward No.12,169,118,1
WARANGAL,BHUPALPALLE,Bhupalapally,Revenue Ward No.13,165,111,2
WARANGAL,BHUPALPALLE,Bhupalapally,Revenue Ward No.14,208,131,1
WARANGAL,BHUPALPALLE,Bhupalapally,Revenue Ward No.15,211,140,1
WARANGAL,BHUPALPALLE,Bhupalapally,Revenue Ward No.16,287,189,1
WARANGAL,BHUPALPALLE,Bhupalapally,Revenue Ward No.17,273,164,2
WARANGAL,BHUPALPALLE,Bhupalapally,Revenue Ward No.18,238,153,1
WARANGAL,BHUPALPALLE,Bhupalapally,Revenue Ward No.19,161,100,
WARANGAL,BHUPALPALLE,Bhupalapally,Revenue Ward No.2,218,131,
WARANGAL,BHUPALPALLE,Bhupalapally,Revenue Ward No.20,326,212,1
WARANGAL,BHUPALPALLE,Bhupalapally,Revenue Ward No.21,556,347,4
WARANGAL,BHUPALPALLE,Bhupalapally,Revenue Ward No.22,445,293,2
WARANGAL,BHUPALPALLE,Bhupalapally,Revenue Ward No.23,182,155,1
WARANGAL,BHUPALPALLE,Bhupalapally,Revenue Ward No.24,856,551,
WARANGAL,BHUPALPALLE,Bhupalapally,Revenue Ward No.3,125,82,
WARANGAL,BHUPALPALLE,Bhupalapally,Revenue Ward No.4,168,116,2
WARANGAL,BHUPALPALLE,Bhupalapally,Revenue Ward No.5,155,107,
WARANGAL,BHUPALPALLE,Bhupalapally,Revenue Ward No.6,56,40,
WARANGAL,BHUPALPALLE,Bhupalapally,Revenue Ward No.7,141,91,1
WARANGAL,BHUPALPALLE,Bhupalapally,Revenue Ward No.8,396,265,
WARANGAL,BHUPALPALLE,Bhupalapally,Revenue Ward No.9,211,147,
WARANGAL,GEESUGONDA,HANAMKONDA,HANAMKONDA,1,1,
WARANGAL,HANAMKONDA,HANAMKONDA,HANAMKONDA,2,1,
WARANGAL,JANGAON,Jangaon,Revenue Ward No  1,311,173,2
WARANGAL,JANGAON,Jangaon,Revenue Ward No  10,195,81,1
WARANGAL,JANGAON,Jangaon,Revenue Ward No  2,324,170,1
WARANGAL,JANGAON,Jangaon,Revenue Ward No  3,287,146,1
WARANGAL,JANGAON,Jangaon,Revenue Ward No  4,254,99,2
WARANGAL,JANGAON,Jangaon,Revenue Ward No  5,199,81,1
WARANGAL,JANGAON,Jangaon,Revenue Ward No  6,86,22,
WARANGAL,JANGAON,Jangaon,Revenue Ward No  7,120,27,
WARANGAL,JANGAON,Jangaon,Revenue Ward No  8,262,127,1
WARANGAL,JANGAON,Jangaon,Revenue Ward No  9,300,137,
WARANGAL,JANGAON,Jangaon,Revenue Ward No 11,371,190,1
WARANGAL,JANGAON,Jangaon,Revenue Ward No 12,296,160,2
WARANGAL,JANGAON,Jangaon,Revenue Ward No 13,278,130,
WARANGAL,JANGAON,Jangaon,Revenue Ward No 14,175,59,
WARANGAL,JANGAON,Jangaon,Revenue Ward No 15,125,49,
WARANGAL,JANGAON,Jangaon,Revenue Ward No 16,117,23,1
WARANGAL,JANGAON,Jangaon,Revenue Ward No 17,124,40,
WARANGAL,JANGAON,Jangaon,Revenue Ward No 18,152,46,1
WARANGAL,JANGAON,Jangaon,Revenue Ward No 19,185,57,
WARANGAL,JANGAON,Jangaon,Revenue Ward No 20,334,157,1
WARANGAL,JANGAON,Jangaon,Revenue Ward No 21,322,149,
WARANGAL,JANGAON,Jangaon,Revenue Ward No 22,95,29,
WARANGAL,JANGAON,Jangaon,Revenue Ward No 23,187,79,1
WARANGAL,JANGAON,Jangaon,Revenue Ward No 24,89,43,
WARANGAL,JANGAON,Jangaon,Revenue Ward No 25,217,88,
WARANGAL,JANGAON,Jangaon,Revenue Ward No 26,186,65,1
WARANGAL,JANGAON,Jangaon,Revenue Ward No 27,235,98,1
WARANGAL,JANGAON,Jangaon,Revenue Ward No 28,233,75,
WARANGAL,JANGAON,HANAMKONDA,Revenue Ward No  1,1,,
WARANGAL,MAHABUBABAD,Mahabubabad,Revenue Ward No.1,2819,1507,8
WARANGAL,MAHABUBABAD,Mahabubabad,Revenue Ward No.2,880,437,7
WARANGAL,MAHABUBABAD,Mahabubabad,Revenue Ward No.3,394,165,1
WARANGAL,MAHABUBABAD,Mahabubabad,Revenue Ward No.4,313,156,1
WARANGAL,MAHABUBABAD,Mahabubabad,Revenue Ward No.5,453,191,2
WARANGAL,MAHABUBABAD,Mahabubabad,Revenue Ward No.6,1855,943,6
WARANGAL,MAHABUBABAD,Mahabubabad,Revenue Ward No.7,691,455,2
WARANGAL,NARSAMPET,Narsampet,Ward No 1,551,241,1
WARANGAL,NARSAMPET,Narsampet,Ward No 10,51,22,1
WARANGAL,NARSAMPET,Narsampet,Ward No 11,410,217,
WARANGAL,NARSAMPET,Narsampet,Ward No 12,70,36,
WARANGAL,NARSAMPET,Narsampet,Ward No 13,68,27,
WARANGAL,NARSAMPET,Narsampet,Ward No 14,90,31,1
WARANGAL,NARSAMPET,Narsampet,Ward No 15,341,163,
WARANGAL,NARSAMPET,Narsampet,Ward No 16,345,155,
WARANGAL,NARSAMPET,Narsampet,Ward No 17,255,124,1
WARANGAL,NARSAMPET,Narsampet,Ward No 18,885,451,2
WARANGAL,NARSAMPET,Narsampet,Ward No 19,412,168,6
WARANGAL,NARSAMPET,Narsampet,Ward No 2,344,174,2
WARANGAL,NARSAMPET,Narsampet,Ward No 3,263,115,
WARANGAL,NARSAMPET,Narsampet,Ward No 4,216,108,
WARANGAL,NARSAMPET,Narsampet,Ward No 5,251,128,
WARANGAL,NARSAMPET,Narsampet,Ward No 6,280,160,1
WARANGAL,NARSAMPET,Narsampet,Ward No 7,206,111,1
WARANGAL,NARSAMPET,Narsampet,Ward No 8,47,12,
WARANGAL,NARSAMPET,Narsampet,Ward No 9,45,14,
WARANGAL,PARKAL,Parakala,Revenue Ward No.1,74,24,1
WARANGAL,PARKAL,Parakala,Revenue Ward No.10,74,22,
WARANGAL,PARKAL,Parakala,Revenue Ward No.11,75,25,
WARANGAL,PARKAL,Parakala,Revenue Ward No.12,80,28,
WARANGAL,PARKAL,Parakala,Revenue Ward No.13,196,136,
WARANGAL,PARKAL,Parakala,Revenue Ward No.14,88,58,1
WARANGAL,PARKAL,Parakala,Revenue Ward No.15,122,59,1
WARANGAL,PARKAL,Parakala,Revenue Ward No.16,136,65,
WARANGAL,PARKAL,Parakala,Revenue Ward No.17,68,27,
WARANGAL,PARKAL,Parakala,Revenue Ward No.18,133,54,2
WARANGAL,PARKAL,Parakala,Revenue Ward No.19,513,246,
WARANGAL,PARKAL,Parakala,Revenue Ward No.2,87,23,
WARANGAL,PARKAL,Parakala,Revenue Ward No.20,15,7,
WARANGAL,PARKAL,Parakala,Revenue Ward No.3,929,446,1
WARANGAL,PARKAL,Parakala,Revenue Ward No.4,373,191,
WARANGAL,PARKAL,Parakala,Revenue Ward No.5,271,128,
WARANGAL,PARKAL,Parakala,Revenue Ward No.6,58,18,
WARANGAL,PARKAL,Parakala,Revenue Ward No.7,166,84,
WARANGAL,PARKAL,Parakala,Revenue Ward No.8,193,98,
WARANGAL,PARKAL,Parakala,Revenue Ward No.9,62,39,1
WARANGAL,WARANGAL,Warangal,ALLIPURA,212,120,1
WARANGAL,WARANGAL,Warangal,AREPALLY,424,173,1
WARANGAL,WARANGAL,Warangal,AYODHYAPURAM,55,25,
WARANGAL,WARANGAL,Warangal,BATTUPALLY,70,26,1
WARANGAL,WARANGAL,Warangal,BHEEMARAM,888,376,3
WARANGAL,WARANGAL,Warangal,BOLLIKUNTA,622,340,1
WARANGAL,WARANGAL,Warangal,CHINTAGATTU,594,297,1
WARANGAL,WARANGAL,Warangal,DEVANNAPET,728,404,1
WARANGAL,WARANGAL,Warangal,DHARMARAM,941,435,1
WARANGAL,WARANGAL,Warangal,DUPAKUNTA,147,75,1
WARANGAL,WARANGAL,Warangal,ENUMAMULA,1917,992,6
WARANGAL,WARANGAL,Warangal,GADIPALLY,273,120,
WARANGAL,WARANGAL,Warangal,GOPALAPURAM,541,237,2
WARANGAL,WARANGAL,Warangal,GORREKUNTA,1117,607,2
WARANGAL,WARANGAL,Warangal,GUNDLASINGARAM,937,537,1
WARANGAL,WARANGAL,Warangal,HASANPARTHY,2770,1341,2
WARANGAL,WARANGAL,Warangal,JANPAKA,158,85,
WARANGAL,WARANGAL,Warangal,KADIPIKONDA,1332,527,3
WARANGAL,WARANGAL,Warangal,KOMATIPALLY,1070,645,2
WARANGAL,WARANGAL,Warangal,KOTHAPALLY HAVELI,251,162,2
WARANGAL,WARANGAL,Warangal,KOTHAPETA,282,126,2
WARANGAL,WARANGAL,Warangal,KUMMARIGUDEM,114,72,
WARANGAL,WARANGAL,Warangal,MADIKONDA,1748,964,6
WARANGAL,WARANGAL,Warangal,MAMNOOR,596,239,1
WARANGAL,WARANGAL,Warangal,MOGILICHERLA,710,409,
WARANGAL,WARANGAL,Warangal,MUCHERLA,413,207,1
WARANGAL,WARANGAL,Warangal,MUNIPALLY,265,194,1
WARANGAL,WARANGAL,Warangal,NAKKALAPALLY,115,50,
WARANGAL,WARANGAL,Warangal,PAIDIPALLY,1414,696,4
WARANGAL,WARANGAL,Warangal,PALIVELPULA,408,228,1
WARANGAL,WARANGAL,Warangal,PEGADAPALLY,923,531,1
WARANGAL,WARANGAL,Warangal,POTHARAJUPALLY,237,145,1
WARANGAL,WARANGAL,Warangal,RAMPUR,1201,786,1
WARANGAL,WARANGAL,Warangal,Revenue Ward No.1,5137,2312,18
WARANGAL,WARANGAL,Warangal,Revenue Ward No.10,1944,726,7
WARANGAL,WARANGAL,Warangal,Revenue Ward No.11,8575,3507,28
WARANGAL,WARANGAL,Warangal,Revenue Ward No.12,976,400,1
WARANGAL,WARANGAL,Warangal,Revenue Ward No.13,1026,434,3
WARANGAL,WARANGAL,Warangal,Revenue Ward No.14,1480,775,6
WARANGAL,WARANGAL,Warangal,Revenue Ward No.15,2547,1162,16
WARANGAL,WARANGAL,Warangal,Revenue Ward No.16,7621,3617,33
WARANGAL,WARANGAL,Warangal,Revenue Ward No.17,3097,1203,10
WARANGAL,WARANGAL,Warangal,Revenue Ward No.18,3130,1481,14
WARANGAL,WARANGAL,Warangal,Revenue Ward No.19,3142,1561,17
WARANGAL,WARANGAL,Warangal,Revenue Ward No.2,5993,2496,21
WARANGAL,WARANGAL,Warangal,Revenue Ward No.20,2805,1326,4
WARANGAL,WARANGAL,Warangal,Revenue Ward No.21,221,80,
WARANGAL,WARANGAL,Warangal,Revenue Ward No.22,2293,1165,7
WARANGAL,WARANGAL,Warangal,Revenue Ward No.23,1177,583,2
WARANGAL,WARANGAL,Warangal,Revenue Ward No.24,1916,837,6
WARANGAL,WARANGAL,Warangal,Revenue Ward No.25,3133,1282,12
WARANGAL,WARANGAL,Warangal,Revenue Ward No.3,3915,1614,10
WARANGAL,WARANGAL,Warangal,Revenue Ward No.4,1604,751,9
WARANGAL,WARANGAL,Warangal,Revenue Ward No.5,2384,1001,15
WARANGAL,WARANGAL,Warangal,Revenue Ward No.6,945,398,3
WARANGAL,WARANGAL,Warangal,Revenue Ward No.7,1842,907,8
WARANGAL,WARANGAL,Warangal,Revenue Ward No.8,705,316,
WARANGAL,WARANGAL,Warangal,Revenue Ward No.9,1050,412,3
WARANGAL,WARANGAL,Warangal,SINGARAM,524,301,1
WARANGAL,WARANGAL,Warangal,STAMBAMPALLY,462,239,3
WARANGAL,WARANGAL,Warangal,TARALAPALLY,452,235,
WARANGAL,WARANGAL,Warangal,TEKULAGUDEM,49,31,
WARANGAL,WARANGAL,Warangal,THIMMAPUR HAVELI,865,403,1
WARANGAL,WARANGAL,Warangal,UNIKICHERLA,637,345,1
WARANGAL,WARANGAL,Warangal,VANGAPAHAD,1172,611,2
WARANGAL,WARANGAL,Warangal,VASANTHAPUR,264,129,
WARANGAL,WARANGAL,Warangal,YELLAPUR,348,167,
